{"type": "FeatureCollection", "features": [{"type": "Feature", "properties": {"id": "gondia", "name": "Gondia", "st_nm": "Maharashtra"}, "geometry": {"type": "Polygon", "coordinates": [[[80.46016058813566, 20.819320397785006], [80.41612614478656, 20.825198100081288], [80.39392992130978, 20.80723845417598], [80.3896338780562, 20.80658537614306], [80.33235330134191, 20.820953092867306], [80.30872506344726, 20.727562934159725], [80.29941696973118, 20.71156252235318], [80.28115878590351, 20.71090944432026], [80.27256669939636, 20.679888237756554], [80.25037047591958, 20.678255542674254], [80.24213639301689, 20.65539781152205], [80.17805374781778, 20.676949386608413], [80.16230158922136, 20.69392941546434], [80.13759934051332, 20.684459783986995], [80.1136130990142, 20.695235571530176], [80.09284888995528, 20.691643642349117], [80.05776453671777, 20.71254213940256], [80.03127226998741, 20.69817442267832], [80.01587811499545, 20.667479755131072], [80.01373009336865, 20.674663613493195], [79.99081786268295, 20.674337074476732], [79.98258377978026, 20.677275925624876], [79.97900374373562, 20.713521756451943], [79.97971975094455, 20.715480990550702], [79.9822257761758, 20.720705614814065], [79.9922498771008, 20.741277572851047], [80.00800203569723, 20.736052948587687], [80.01373009336865, 20.764788382036173], [79.99797793477222, 20.76217606990449], [79.99475590233205, 20.74878797022963], [79.9560915130499, 20.75303297744361], [79.94535140491597, 20.742583728916888], [79.91134106249186, 20.741277572851047], [79.92315518143918, 20.74976758727901], [79.93532730399097, 20.787646113188377], [79.87947874169454, 20.773931474497054], [79.88270077413472, 20.791891120402358], [79.86301057588918, 20.781768410892095], [79.86909663716507, 20.80331998597846], [79.85620850740436, 20.815401929587484], [79.8547764929865, 20.816708085653325], [79.85728251821774, 20.821279631883765], [79.8587145326356, 20.824871561064825], [79.8608625542624, 20.829116568278806], [79.87231866960525, 20.822585787949606], [79.89702091831329, 20.818667319752084], [79.90955104446954, 20.793523815484658], [79.91814313097669, 20.80038113483032], [79.92243917423025, 20.819973475817925], [79.91420509132757, 20.825198100081288], [79.86444259030704, 20.835320809591547], [79.88771282459722, 20.859158157793132], [79.90847703365614, 20.853606994513314], [79.91169906609633, 20.877770881731358], [79.92136516341687, 20.881362810912417], [79.9560915130499, 20.865362399105873], [79.95680752025883, 20.887893591241617], [79.93890734003561, 20.89507744960374], [79.93747532561775, 20.906506315179843], [79.92243917423025, 20.906179776163384], [79.9460674121249, 20.932302897480188], [79.93998135084901, 20.957119862731155], [80.00263198163026, 20.947976770270273], [80.0373583312633, 20.965609877159114], [80.06170257636688, 20.94862984830319], [80.05812254032223, 20.957772940764073], [80.07065266647848, 20.956140245681773], [80.08210878182135, 20.98650837421256], [80.10215698367135, 20.99075338142654], [80.09714493320885, 21.03255037553343], [80.06599861962044, 21.03320345356635], [80.07996076019455, 21.045285397175373], [80.07172667729188, 21.059979652916077], [80.08568881786599, 21.0753269866897], [80.06993665926956, 21.08153122800244], [80.07530671333652, 21.099164334891285], [80.05812254032223, 21.103735881121725], [80.08389879984367, 21.147492109327374], [80.07065266647848, 21.156308662771796], [80.07315869170974, 21.186350252286122], [80.06313459078473, 21.201371047043285], [80.02482820510706, 21.21279991261939], [80.0223221798758, 21.229126863442392], [80.0033479888392, 21.21704491983337], [79.98938584826509, 21.23337187065637], [79.96468359955705, 21.232392253606992], [79.9371173220133, 21.255249984759196], [79.89594690749989, 21.252311133611055], [79.86802262635167, 21.250025360495837], [79.8658746047249, 21.249372282462915], [79.86659061193382, 21.23304533163991], [79.83150625869632, 21.22716762934363], [79.83293827311417, 21.22945340245885], [79.84833242810615, 21.250025360495837], [79.84117235601686, 21.25720921885796], [79.86229456868026, 21.251004977545215], [79.8637265830981, 21.257535757874418], [79.82470419021149, 21.27288309164804], [79.83723431636774, 21.284965035257063], [79.82756821904721, 21.294434666734404], [79.83616030555436, 21.30978200050803], [79.81324807486864, 21.32088432706767], [79.81324807486864, 21.355170923795978], [79.80000194150345, 21.35941593100996], [79.79606390185435, 21.3754163428165], [79.88019474890346, 21.426029890367815], [79.889860846224, 21.45378570676692], [79.92566120667044, 21.490684615626908], [79.91993314899901, 21.51844043202601], [79.91814313097669, 21.526277368421056], [79.93282127875972, 21.55501280186954], [79.96969565001955, 21.55827819203414], [80.00048396000348, 21.533461226783174], [80.03306228800973, 21.55631895793538], [80.07208468089634, 21.55664549695184], [80.10108297285795, 21.589952476630767], [80.11611912424546, 21.593217866795367], [80.12148917831242, 21.61117751270067], [80.15442550992314, 21.60627942745377], [80.20383000733922, 21.635994477951638], [80.22137218395797, 21.620973683194475], [80.26683864172493, 21.618361371062793], [80.28080078229904, 21.59648325695997], [80.29476292287315, 21.592891327778908], [80.2983429589178, 21.575584759906526], [80.32053918239458, 21.576237837939445], [80.33951337343119, 21.55468626285308], [80.33056328331959, 21.54782894350742], [80.37602974108655, 21.523991595305834], [80.38390582038477, 21.490031537593985], [80.42221220606245, 21.440397607092056], [80.39607794293656, 21.408070244462508], [80.41218810513745, 21.37639595986588], [80.44834646918835, 21.3721509526519], [80.45729655929996, 21.402845620199148], [80.52746526577496, 21.394682144787645], [80.54285942076693, 21.3705182575696], [80.57006769470622, 21.3574566969112], [80.56684566226605, 21.345374753302174], [80.58939988934729, 21.343415519203415], [80.59978199387676, 21.32676202936395], [80.62126221014462, 21.320231249034748], [80.6635066354714, 21.334272426742533], [80.68140681569463, 21.313700468705548], [80.67961679767231, 21.299006212964848], [80.66135861384463, 21.290842737553344], [80.64381643722587, 21.251331516561677], [80.61374413445087, 21.22651455131071], [80.58725186772051, 21.22194300508027], [80.55968559017676, 21.202024125076207], [80.52961328740174, 21.205289515240807], [80.51529314322318, 21.18308486212152], [80.46409862778478, 21.174921386710018], [80.44476643314371, 21.12169552702703], [80.45801256650888, 21.114838207681366], [80.43903837547228, 21.096552022759603], [80.45264251244193, 21.03875461684617], [80.42436022768923, 21.008386488315384], [80.44369242233032, 20.99401877159114], [80.46374062418032, 20.929037507315588], [80.54608145320711, 20.93491520961187], [80.56147560819907, 20.822912326966065], [80.52245321531247, 20.83466773155863], [80.46016058813566, 20.819320397785006]]]}}, {"type": "Feature", "properties": {"id": "bhandara", "name": "Bhandara", "st_nm": "Maharashtra"}, "geometry": {"type": "Polygon", "coordinates": [[[79.91993314899901, 21.51844043202601], [79.92566120667044, 21.490684615626908], [79.889860846224, 21.45378570676692], [79.88019474890346, 21.426029890367815], [79.79606390185435, 21.3754163428165], [79.80000194150345, 21.35941593100996], [79.81324807486864, 21.355170923795978], [79.81324807486864, 21.32088432706767], [79.83616030555436, 21.30978200050803], [79.82756821904721, 21.294434666734404], [79.83723431636774, 21.284965035257063], [79.82470419021149, 21.27288309164804], [79.8637265830981, 21.257535757874418], [79.86229456868026, 21.251004977545215], [79.84117235601686, 21.25720921885796], [79.84833242810615, 21.250025360495837], [79.83293827311417, 21.22945340245885], [79.83150625869632, 21.22716762934363], [79.86659061193382, 21.23304533163991], [79.8658746047249, 21.249372282462915], [79.86802262635167, 21.250025360495837], [79.89594690749989, 21.252311133611055], [79.9371173220133, 21.255249984759196], [79.96468359955705, 21.232392253606992], [79.98938584826509, 21.23337187065637], [80.0033479888392, 21.21704491983337], [80.0223221798758, 21.229126863442392], [80.02482820510706, 21.21279991261939], [80.06313459078473, 21.201371047043285], [80.07315869170974, 21.186350252286122], [80.07065266647848, 21.156308662771796], [80.08389879984367, 21.147492109327374], [80.05812254032223, 21.103735881121725], [80.07530671333652, 21.099164334891285], [80.06993665926956, 21.08153122800244], [80.08568881786599, 21.0753269866897], [80.07172667729188, 21.059979652916077], [80.07996076019455, 21.045285397175373], [80.06599861962044, 21.03320345356635], [80.09714493320885, 21.03255037553343], [80.10215698367135, 20.99075338142654], [80.08210878182135, 20.98650837421256], [80.07065266647848, 20.956140245681773], [80.05812254032223, 20.957772940764073], [80.06170257636688, 20.94862984830319], [80.0373583312633, 20.965609877159114], [80.00263198163026, 20.947976770270273], [79.93998135084901, 20.957119862731155], [79.9460674121249, 20.932302897480188], [79.92243917423025, 20.906179776163384], [79.93747532561775, 20.906506315179843], [79.93890734003561, 20.89507744960374], [79.95680752025883, 20.887893591241617], [79.9560915130499, 20.865362399105873], [79.92136516341687, 20.881362810912417], [79.91169906609633, 20.877770881731358], [79.90847703365614, 20.853606994513314], [79.88771282459722, 20.859158157793132], [79.86444259030704, 20.835320809591547], [79.91420509132757, 20.825198100081288], [79.92243917423025, 20.819973475817925], [79.91814313097669, 20.80038113483032], [79.90955104446954, 20.793523815484658], [79.89702091831329, 20.818667319752084], [79.87231866960525, 20.822585787949606], [79.8608625542624, 20.829116568278806], [79.8587145326356, 20.824871561064825], [79.85728251821774, 20.821279631883765], [79.8547764929865, 20.816708085653325], [79.85620850740436, 20.815401929587484], [79.86909663716507, 20.80331998597846], [79.86301057588918, 20.781768410892095], [79.88270077413472, 20.791891120402358], [79.87947874169454, 20.773931474497054], [79.93532730399097, 20.787646113188377], [79.92315518143918, 20.74976758727901], [79.91134106249186, 20.741277572851047], [79.94535140491597, 20.742583728916888], [79.9560915130499, 20.75303297744361], [79.99475590233205, 20.74878797022963], [79.99797793477222, 20.76217606990449], [80.01373009336865, 20.764788382036173], [80.00800203569723, 20.736052948587687], [79.9922498771008, 20.741277572851047], [79.9822257761758, 20.720705614814065], [79.97971975094455, 20.715480990550702], [79.97900374373562, 20.713521756451943], [79.98258377978026, 20.677275925624876], [79.96110356351241, 20.694909032513717], [79.93317928236418, 20.679888237756554], [79.93353728596865, 20.672704379394432], [79.92959924631954, 20.669438989229832], [79.88842883180614, 20.689357869233895], [79.83902433439006, 20.682827088904695], [79.80286597033917, 20.697847883661858], [79.78603980092934, 20.721032153830524], [79.7573995125722, 20.734746792521847], [79.7573995125722, 20.733767175472465], [79.75202945850523, 20.6991540397277], [79.75095544769184, 20.690337486283276], [79.70942702957399, 20.687398635135136], [79.69224285655969, 20.674010535460273], [79.69474888179094, 20.642336250863647], [79.69439087818648, 20.642009711847187], [79.66360256820255, 20.65441819447267], [79.66073853936683, 20.66682667709815], [79.61956812485343, 20.675969769559032], [79.60918602032397, 20.6958886495631], [79.58949582207843, 20.691643642349117], [79.56694159499718, 20.696868266612476], [79.56515157697486, 20.707317515139202], [79.5186111083945, 20.71417483448486], [79.53221524536414, 20.74715527514733], [79.53006722373735, 20.775237630562895], [79.55727549767664, 20.807564993192443], [79.5375852994311, 20.85132122139809], [79.55512747604986, 20.85654584566145], [79.5787557139445, 20.84413736303597], [79.59629789056325, 20.866342016155254], [79.61061803474183, 20.866668555171714], [79.61061803474183, 20.903567464031703], [79.64462837716594, 20.925772117150988], [79.6550104816954, 20.964303721093273], [79.59772990498111, 21.072061596525096], [79.58842181126504, 21.07728622078846], [79.57231164906415, 21.066183894228818], [79.55011542558736, 21.08806200833164], [79.52899321292396, 21.077612759804918], [79.51789510118557, 21.09100085947978], [79.53221524536414, 21.096552022759603], [79.52720319490165, 21.119409753911807], [79.49390885968646, 21.138349016866492], [79.50894501107396, 21.161206748018696], [79.49784689933557, 21.18341140113798], [79.52720319490165, 21.17786023785816], [79.53221524536414, 21.158267896870555], [79.55727549767664, 21.155982123755336], [79.55083143279629, 21.17132945752896], [79.56157154093022, 21.190268720483644], [79.54939941837843, 21.206595671306644], [79.57553368150433, 21.2764750208291], [79.55405346523646, 21.303251220178826], [79.5547694724454, 21.32872126346271], [79.52577118048379, 21.350925916581996], [79.49999492096235, 21.397947534952245], [79.48460076597038, 21.39925369101809], [79.47636668306771, 21.427989124466574], [79.44880040552395, 21.435826060861615], [79.47529267225431, 21.491337693659826], [79.513599057932, 21.534114304816097], [79.5375852994311, 21.536726616947774], [79.5386593102445, 21.540971624161756], [79.56264555174361, 21.54750240449096], [79.58161974278022, 21.54129816317822], [79.62028413206237, 21.55762511400122], [79.65214645285968, 21.55566587990246], [79.6610965429713, 21.576890915972363], [79.73770931432666, 21.60366711532209], [79.79212586220524, 21.586687086466167], [79.83114825509185, 21.546522787441578], [79.889860846224, 21.518113893009552], [79.91993314899901, 21.51844043202601]]]}}, {"type": "Feature", "properties": {"id": "wardha", "name": "Wardha", "st_nm": "Maharashtra"}, "geometry": {"type": "Polygon", "coordinates": [[[78.23767421162114, 21.33035395854501], [78.25056234138185, 21.33002741952855], [78.29531279193989, 21.292801971652104], [78.31249696495419, 21.294108127717944], [78.30390487844704, 21.27516886476326], [78.32466908750597, 21.27125039656574], [78.33075514878186, 21.250351899512296], [78.41202196699527, 21.23924957295265], [78.43028015082295, 21.22618801229425], [78.44567430581492, 21.236310721804514], [78.47753662661223, 21.22031030999797], [78.51978105193903, 21.1742683086771], [78.53087916367743, 21.13900209489941], [78.55486540517653, 21.116470902763666], [78.59925785213011, 21.108633966368625], [78.59746783410779, 21.08904162538102], [78.60999796026404, 21.088388547348103], [78.61393599991315, 21.064224660130055], [78.64257628827029, 21.058673496850233], [78.6515263783819, 21.03385653159927], [78.67622862708994, 21.03646884373095], [78.69090677487297, 21.018835736842107], [78.72599112811048, 21.004794559134325], [78.7238431064837, 20.969201806340177], [78.73315120019977, 20.946670614204432], [78.7478293479828, 20.94471138010567], [78.73959526508013, 20.93948675584231], [78.75284139844531, 20.922180187969925], [78.78255569761585, 20.910751322393825], [78.77288960029531, 20.903567464031703], [78.78541972645156, 20.88985282534038], [78.81692404364442, 20.880383193863036], [78.82766415177835, 20.89279167648852], [78.83482422386764, 20.89246513747206], [78.84377431397924, 20.88854666927454], [78.85165039327745, 20.881362810912417], [78.86095848699352, 20.84119851188783], [78.86704454826942, 20.836953504673847], [78.86776055547836, 20.83303503647633], [78.87742665279889, 20.829769646311725], [78.88315471047032, 20.84348428500305], [78.91286900964086, 20.83597388762447], [78.91286900964086, 20.80821807122536], [78.94544733764711, 20.793523815484658], [78.94186730160247, 20.767727233184313], [78.99628384948105, 20.756951445641132], [78.9966418530855, 20.744216423999188], [79.05034239375516, 20.737685643669987], [79.09043879745516, 20.71123598333672], [79.10296892361141, 20.715480990550702], [79.10440093802927, 20.687725174151595], [79.1423493201025, 20.678582081690713], [79.147361370565, 20.653438577423287], [79.16955759404178, 20.645601641028247], [79.16884158683285, 20.626988917090024], [79.18423574182482, 20.621111214793743], [79.18888978868286, 20.598906561674458], [79.20714797251054, 20.59988617872384], [79.20929599413732, 20.598253483641535], [79.21932009506232, 20.585191922983135], [79.22075210948017, 20.583232688884372], [79.21717207343553, 20.552538021337128], [79.19175381751857, 20.537190687563506], [79.18208772019803, 20.51335333936192], [79.16991559764624, 20.51400641739484], [79.15810147869892, 20.47808712558423], [79.1402012984757, 20.482005593781754], [79.13232521917749, 20.457188628530787], [79.11872108220784, 20.450657848201587], [79.10225291640249, 20.46241325279415], [79.05213241177748, 20.46600518197521], [79.04533034329266, 20.477760586567772], [79.02349212342034, 20.482658671814672], [79.00165390354802, 20.450657848201587], [78.98733375936943, 20.46567864295875], [78.96728555751943, 20.460127479678928], [78.9536814205498, 20.428126656065842], [78.90033888348461, 20.437269748526724], [78.89998087988015, 20.43694320951026], [78.85702044734442, 20.42126933672018], [78.84556433200157, 20.434004358362124], [78.84341631037478, 20.432371663279824], [78.83661424188996, 20.42877973409876], [78.8341082166587, 20.42714703901646], [78.83482422386764, 20.4268205], [78.8341082166587, 20.42616742196708], [78.8462803392105, 20.412779322292216], [78.81692404364442, 20.396778910485676], [78.82444211933817, 20.35890038457631], [78.81943006887568, 20.350083831131883], [78.83052818061407, 20.32722609997968], [78.83124418782299, 20.32265455374924], [78.82372611212924, 20.31742992948588], [78.7990238634212, 20.300449900629953], [78.79938186702567, 20.299796822597035], [78.79186379133192, 20.299143744564113], [78.73816325066227, 20.293919120300753], [78.73601522903549, 20.29489873735013], [78.73064517496852, 20.305347985876857], [78.7077329442828, 20.310572610140216], [78.70844895149173, 20.349430753098964], [78.68947476045511, 20.358573845559846], [78.68947476045511, 20.37032925015241], [78.64615632431494, 20.418657024588498], [78.64758833873279, 20.4349839754115], [78.62002206118905, 20.434657436395042], [78.61178797828636, 20.444780145905305], [78.60570191701046, 20.431065507213983], [78.56238348087028, 20.440208599674865], [78.53481720332653, 20.46535210394229], [78.5090409438051, 20.525108743954483], [78.47216657254528, 20.52804759510262], [78.45032835267295, 20.512700261328998], [78.43350218326313, 20.51955758067466], [78.40987394536849, 20.51172064427962], [78.29459678473097, 20.56135457478155], [78.27884462613454, 20.56004841871571], [78.26273446393364, 20.578334603637472], [78.24877232335953, 20.645275102011787], [78.26953653241847, 20.66519398201585], [78.269178528814, 20.665520521032313], [78.2663144999783, 20.679561698740095], [78.27848662253008, 20.69229672038204], [78.2741905792765, 20.693276337431417], [78.27598059729883, 20.6958886495631], [78.27705460811222, 20.6958886495631], [78.29101674868633, 20.70797059317212], [78.29280676670865, 20.70927674923796], [78.29674480635775, 20.69980711776062], [78.29746081356669, 20.69882750071124], [78.29817682077561, 20.701113273826458], [78.31213896134972, 20.737359104653528], [78.3064109036783, 20.764461843019713], [78.29280676670865, 20.774584552529973], [78.29280676670865, 20.7997280567974], [78.29638680275329, 20.811810000406425], [78.299250831589, 20.81311615647226], [78.31750901541669, 20.818014241719162], [78.31679300820775, 20.820300014834384], [78.31607700099883, 20.822585787949606], [78.31357097576758, 20.832055419426947], [78.3103489433274, 20.831402341394025], [78.29209075949971, 20.826830795163588], [78.29244876310419, 20.84054543385491], [78.279202629739, 20.84283120697013], [78.25736440986668, 20.885934357142858], [78.25736440986668, 20.886260896159317], [78.2129719629131, 20.908792088295062], [78.20545388721935, 20.89932245681772], [78.18182564932471, 20.90422054206462], [78.16857951595952, 20.94177252895753], [78.14316126004256, 20.95352793355009], [78.1478153069006, 20.98716145224548], [78.13456917353541, 21.004468020117862], [78.14530928166934, 21.02438690012193], [78.13600118795327, 21.037774999796788], [78.15032133213185, 21.04789770930705], [78.15103733934077, 21.075980064722618], [78.14530928166934, 21.102103186039425], [78.12812510865506, 21.114838207681366], [78.14423527085596, 21.13900209489941], [78.09232474820863, 21.178186776874618], [78.0966207914622, 21.199411812944525], [78.07084453194076, 21.22096338803089], [78.0715605391497, 21.236963799837433], [78.05831440578451, 21.239576111969114], [78.05294435171756, 21.254923445742737], [78.06117843462023, 21.27778117689494], [78.08086863286577, 21.282026184108922], [78.06583248147827, 21.301618525096526], [78.07907861484344, 21.330680497561474], [78.0754985787988, 21.35484438477952], [78.07800460403006, 21.3558240018289], [78.14495127806488, 21.343415519203415], [78.1478153069006, 21.342435902154037], [78.15676539701221, 21.331007036577933], [78.23266216115864, 21.32708856838041], [78.23767421162114, 21.33035395854501]]]}}, {"type": "Feature", "properties": {"id": "akola", "name": "Akola", "st_nm": "Maharashtra"}, "geometry": {"type": "Polygon", "coordinates": [[[76.81926393073348, 20.28053102062589], [76.8171159091067, 20.281184098658812], [76.78525358830937, 20.290327191119694], [76.7920556567942, 20.31449107833774], [76.76556339006383, 20.31612377342004], [76.74229315577365, 20.3262464829303], [76.74408317379599, 20.3376753485064], [76.69897471963347, 20.352043065230646], [76.70899882055848, 20.38600312294249], [76.72725700438616, 20.398411605567976], [76.71257885660312, 20.41931010262142], [76.71293686020758, 20.437922826559642], [76.69360466556651, 20.460454018695387], [76.71114684218526, 20.47220942328795], [76.70828281334954, 20.499638700670594], [76.7258249899683, 20.51661872952652], [76.7358490908933, 20.51074102723024], [76.73405907287098, 20.493107920341394], [76.7458731918183, 20.495393693456617], [76.75267526030312, 20.51172064427962], [76.76950142971295, 20.51727180755944], [76.78238955947366, 20.57245690134119], [76.76914342610849, 20.576375369538713], [76.78954963156295, 20.587477696098354], [76.78346357028705, 20.603804646921358], [76.7609093432058, 20.602498490855517], [76.7709334441308, 20.62666237807356], [76.7498112314674, 20.629601229221706], [76.76019333599687, 20.64952010922577], [76.7319110512442, 20.65572435053851], [76.73942912693795, 20.687072096118676], [76.72224495392365, 20.690337486283276], [76.7369231017067, 20.714827912517784], [76.76305736483259, 20.720379075797602], [76.75374927111652, 20.738338721702906], [76.77379747296652, 20.775564169579354], [76.76520538645937, 20.79254419843528], [76.74336716658705, 20.80266690794554], [76.76448937925045, 20.856872384677914], [76.75303326390758, 20.875158569599677], [76.74551518821383, 20.871240101402154], [76.74408317379599, 20.887893591241617], [76.72654099717722, 20.88364858402764], [76.69109864033526, 20.917608641739484], [76.74515718460937, 20.92871096829913], [76.77451348017544, 20.920874031904084], [76.78453758110045, 20.90748593222922], [76.78775961354063, 20.927404812233288], [76.77558749098884, 20.931649819447266], [76.78668560272723, 20.93948675584231], [76.78883362435403, 20.962017947978055], [76.80959783341295, 20.956140245681773], [76.81031384062187, 20.96005871387929], [76.81067184422635, 20.962017947978055], [76.8121038586442, 20.968875267323718], [76.80744981178617, 20.969528345356636], [76.78453758110045, 20.972467196504777], [76.77845151982456, 20.9894472253607], [76.7770195054067, 20.99336569355822], [76.77773551261562, 20.995978005689903], [76.79670970365224, 21.002835325035562], [76.79885772527902, 21.017856119792725], [76.79384567481652, 21.02569305618777], [76.79348767121206, 21.026672673237147], [76.79348767121206, 21.026672673237147], [76.77272346215312, 21.02406036110547], [76.76520538645937, 21.03875461684617], [76.7831055666826, 21.052795794553955], [76.78525358830937, 21.072061596525096], [76.77379747296652, 21.08414354013412], [76.78883362435403, 21.104715498171103], [76.77379747296652, 21.18308486212152], [76.77522948738438, 21.18471755720382], [76.78238955947366, 21.193534110648244], [76.78847562074955, 21.186023713269662], [76.79062364237635, 21.18341140113798], [76.91664091114778, 21.200717969010366], [76.99862373657011, 21.195819883763463], [77.00614181226386, 21.228800324425933], [77.03406609341208, 21.246759970331233], [77.07989055478352, 21.21606530278399], [77.09385269535763, 21.22618801229425], [77.13108507022191, 21.22031030999797], [77.1672434342728, 21.242841502133714], [77.16974945950406, 21.242841502133714], [77.19051366856299, 21.237290338853892], [77.19051366856299, 21.235331104755133], [77.1744035063621, 21.22292262212965], [77.18478561089157, 21.199738351960985], [77.16688543066834, 21.18667679130258], [77.16008336218353, 21.145206336212155], [77.1633053946237, 21.13573670473481], [77.19659972983888, 21.13867555588295], [77.19659972983888, 21.121042448994107], [77.17225548473532, 21.11875667587889], [77.17619352438442, 21.07238813554156], [77.15005926125852, 21.069775823409877], [77.15005926125852, 21.03320345356635], [77.17297149194424, 21.023733822089007], [77.17225548473532, 21.013611112578744], [77.1672434342728, 20.98912068634424], [77.1332330918487, 20.98912068634424], [77.13466510626655, 20.974426430603536], [77.16044136578799, 20.971814118471855], [77.13502310987103, 20.920547492887625], [77.1292950521996, 20.863403165007114], [77.15292329009424, 20.858505079760214], [77.16044136578799, 20.869933945336314], [77.18048956763799, 20.84968852631579], [77.21091987401746, 20.84838237024995], [77.2216599821514, 20.858505079760214], [77.28610063095496, 20.84674967516765], [77.31509892291658, 20.857525462710832], [77.3369371427889, 20.84381082401951], [77.43503013041213, 20.84283120697013], [77.46510243318713, 20.880383193863036], [77.47906457376124, 20.879730115830117], [77.4754845377166, 20.860790852875432], [77.52882707478177, 20.84870890926641], [77.55102329825857, 20.854260072546232], [77.55281331628089, 20.823238865982525], [77.61009389299518, 20.7997280567974], [77.6108099002041, 20.778503020727495], [77.61975999031571, 20.779156098760417], [77.6108099002041, 20.719072919731765], [77.6108099002041, 20.71776676366592], [77.57823157219785, 20.727236395143265], [77.5617634063925, 20.701113273826458], [77.51987698467018, 20.702745968908758], [77.5356291432666, 20.697847883661858], [77.53885117570678, 20.683480166937613], [77.51200090537196, 20.682174010871776], [77.5105688909541, 20.663887825950013], [77.48908867468624, 20.681520932838854], [77.47834856655231, 20.66258166988417], [77.4242900222782, 20.65898974070311], [77.41533993216659, 20.645601641028247], [77.44040018447909, 20.642336250863647], [77.45973237912017, 20.61751928561268], [77.45901637191123, 20.61751928561268], [77.41032788170409, 20.61033542725056], [77.40674784565944, 20.589763469213576], [77.36700944556391, 20.580620376752695], [77.36163939149694, 20.56788535511075], [77.33980117162461, 20.575069213472872], [77.33586313197551, 20.525761821987402], [77.36521942754158, 20.51792488559236], [77.39600773752551, 20.525761821987402], [77.38920566904069, 20.502251012802276], [77.38168759334694, 20.483638288864054], [77.36879946358623, 20.480372898699454], [77.36915746719069, 20.496373310505994], [77.32727104546836, 20.497679466571835], [77.32404901302819, 20.486903679028654], [77.33944316802015, 20.483638288864054], [77.34338120766925, 20.47155634525503], [77.32977707069962, 20.46927057213981], [77.32512302384158, 20.450331309185124], [77.29791474990229, 20.446086301971146], [77.29111268141747, 20.41996318065434], [77.27750854444783, 20.42290203180248], [77.26641043270943, 20.458494784596628], [77.22989406505407, 20.47384211837025], [77.2255980218005, 20.447392458036987], [77.18621762530942, 20.448372075086365], [77.18371160007817, 20.432371663279824], [77.19731573704782, 20.424861265901242], [77.18299559286925, 20.398085066551516], [77.15113327207192, 20.399391222617353], [77.14075116754245, 20.37947234261329], [77.12070296569244, 20.410820088193457], [77.09134667012637, 20.41767740753912], [77.08955665210405, 20.395146215403376], [77.0559043132844, 20.386656200975413], [77.0469542231728, 20.390574669172935], [77.04731222677727, 20.41800394655558], [77.05912634572458, 20.443800528855924], [77.03907814387458, 20.447392458036987], [77.024757999696, 20.449025153119287], [77.01401789156208, 20.412779322292216], [76.99217967168975, 20.407881237045316], [76.99540170412993, 20.393840059337535], [76.97427949146655, 20.379798881629753], [76.97714352030225, 20.370655789168868], [76.95745332205672, 20.362818852773827], [76.93561510218439, 20.37032925015241], [76.93203506613975, 20.356614611461087], [76.91914693637904, 20.359553462609227], [76.89766672011118, 20.33506303637472], [76.89193866243974, 20.31710339046942], [76.90983884266296, 20.312531844238976], [76.87940853628349, 20.29163334718553], [76.87976653988795, 20.27922486456005], [76.8722484641942, 20.27465331832961], [76.86902643175402, 20.27857178652713], [76.86616240291832, 20.28216371570819], [76.85291626955313, 20.298490666531194], [76.84862022629956, 20.298817205547653], [76.82391797759152, 20.28510256685633], [76.81926393073348, 20.28053102062589]]]}}, {"type": "Feature", "properties": {"id": "gadchiroli", "name": "Gadchiroli", "st_nm": "Maharashtra"}, "geometry": {"type": "Polygon", "coordinates": [[[79.98258377978026, 20.677275925624876], [79.99081786268295, 20.674337074476732], [80.01373009336865, 20.674663613493195], [80.01587811499545, 20.667479755131072], [80.03127226998741, 20.69817442267832], [80.05776453671777, 20.71254213940256], [80.09284888995528, 20.691643642349117], [80.1136130990142, 20.695235571530176], [80.13759934051332, 20.684459783986995], [80.16230158922136, 20.69392941546434], [80.17805374781778, 20.676949386608413], [80.24213639301689, 20.65539781152205], [80.25037047591958, 20.678255542674254], [80.27256669939636, 20.679888237756554], [80.28115878590351, 20.71090944432026], [80.29941696973118, 20.71156252235318], [80.30872506344726, 20.727562934159725], [80.33235330134191, 20.820953092867306], [80.3896338780562, 20.80658537614306], [80.39392992130978, 20.80723845417598], [80.41612614478656, 20.825198100081288], [80.46016058813566, 20.819320397785006], [80.52245321531247, 20.83466773155863], [80.56147560819907, 20.822912326966065], [80.54894548204283, 20.79580958859988], [80.55180951087854, 20.76380876498679], [80.56290762261693, 20.74748181416379], [80.56505564424371, 20.710582905303802], [80.58796787492943, 20.683806705954076], [80.58009179563122, 20.672704379394432], [80.51994719008121, 20.65637742857143], [80.48128280079906, 20.618172363645602], [80.50419503148478, 20.583559227900835], [80.52066319729015, 20.580620376752695], [80.58080780284016, 20.6083761931518], [80.63200231827855, 20.598580022658], [80.61732417049551, 20.585845001016054], [80.62663226421158, 20.563640347896772], [80.61517614886873, 20.549925709205446], [80.61983019572676, 20.504536785917498], [80.602288019108, 20.450004770168665], [80.61374413445087, 20.4349839754115], [80.59154791097407, 20.392860442288153], [80.61088010561515, 20.37490079638285], [80.62627426060712, 20.332450724243042], [80.61052210201069, 20.318083007518798], [80.54930348564729, 20.308613376041457], [80.51887317926781, 20.265836764885186], [80.4809247971946, 20.274979857346068], [80.39536193572764, 20.244938267831742], [80.40502803304817, 20.218815146514938], [80.42221220606245, 20.205753585856534], [80.3885598672428, 20.164936208799027], [80.40180600060799, 20.147303101910182], [80.4336683214053, 20.13522115830116], [80.45550654127763, 20.137833470432838], [80.46016058813566, 20.150895031091242], [80.50526904229818, 20.14436425076204], [80.55180951087854, 20.117914590428775], [80.54429143518479, 20.09538339829303], [80.55682156134104, 20.071546050091445], [80.54250141716247, 20.010483254013412], [80.54930348564729, 19.985992827778908], [80.52997129100622, 19.93962428744158], [80.48880087649282, 19.930481194980697], [80.47304871789639, 19.95072661400122], [80.45228450883745, 19.957583933346882], [80.41147209792852, 19.938318131375738], [80.4136201195553, 19.90729692481203], [80.44977848360621, 19.89619459825239], [80.46875267464281, 19.907623463828493], [80.49130690172407, 19.90207230054867], [80.5059850495071, 19.870724554968504], [80.48629485126156, 19.863214157589923], [80.46911067824728, 19.826641787746393], [80.4408283934946, 19.81031483692339], [80.40216400421245, 19.816519078236134], [80.40180600060799, 19.79594712019915], [80.46409862778478, 19.79562058118269], [80.48880087649282, 19.770477076915263], [80.4848628368437, 19.80215136151189], [80.46911067824728, 19.81031483692339], [80.48056679359014, 19.827621404795774], [80.52030519368567, 19.831866412009756], [80.54608145320711, 19.818478312334893], [80.54250141716247, 19.779946708392604], [80.55252551808746, 19.7652524526519], [80.67639476523212, 19.699291571326967], [80.66529665349373, 19.611452575899207], [80.7147011509098, 19.61667720016257], [80.7408354140357, 19.606227951635848], [80.76983370599731, 19.586635610648244], [80.77556176366875, 19.5624717234302], [80.83606437282322, 19.56639019162772], [80.85682858188214, 19.52296050243853], [80.89549297116429, 19.51969511227393], [80.898357, 19.481816586364562], [80.8743707585009, 19.445244216521033], [80.84215043409911, 19.446876911603333], [80.81351014574196, 19.433815350944933], [80.8120781313241, 19.407039151595207], [80.828188293525, 19.379936413229018], [80.8532485458375, 19.363936001422477], [80.77520376006427, 19.314628609937007], [80.75085951496071, 19.2868727935379], [80.6896408985973, 19.28654625452144], [80.69357893824642, 19.314628609937007], [80.67997480127677, 19.330302482727088], [80.63200231827855, 19.307118212558425], [80.61302812724193, 19.309403985673644], [80.57615375598212, 19.402141066348303], [80.54429143518479, 19.38352834241008], [80.52030519368567, 19.347935589615933], [80.48235681161246, 19.33781288010567], [80.44834646918835, 19.266627374517377], [80.38927587445174, 19.23756540205243], [80.38426382398923, 19.215034209916684], [80.39392992130978, 19.18760493253404], [80.3334273121553, 19.14548139941069], [80.32769925448387, 19.134705611867506], [80.33987137703566, 19.10009247612274], [80.32805725808834, 19.09486785185938], [80.32984727611066, 19.070050886608414], [80.29762695170886, 19.04882585053851], [80.30299700577584, 19.022049651188784], [80.2732827066053, 18.992987678723836], [80.27077668137404, 18.938455662975006], [80.3495374743562, 18.84800435541557], [80.35168549598298, 18.81633007081894], [80.29977497333566, 18.794451956716117], [80.27471472102314, 18.765716523267628], [80.24535842545707, 18.765716523267628], [80.27292470300083, 18.72326645112782], [80.24858045789725, 18.706286422271898], [80.21278009745082, 18.705633344238976], [80.19666993524993, 18.680816378988013], [80.15764754236332, 18.701061798008535], [80.11826714587224, 18.680816378988013], [80.05275248625527, 18.72489914621012], [80.0183841402267, 18.770288069498072], [79.96432559595259, 18.77387999867913], [79.91420509132757, 18.82384046819752], [79.96146156711687, 18.86661707935379], [79.94033935445347, 19.031845821682587], [79.92888323911062, 19.04915238955497], [79.87088665518739, 19.04098891414347], [79.85835652903114, 19.10270478825442], [79.87375068402311, 19.124256363340784], [79.94570940852043, 19.169645286628736], [79.92422919225258, 19.225809997459866], [79.93640131480436, 19.264015062385695], [79.96575761037045, 19.303199744360903], [79.95895554188562, 19.33618018502337], [79.97792973292222, 19.400508371266003], [79.9449934013115, 19.470061181772], [79.91456309493203, 19.495857764072344], [79.86444259030704, 19.510552019813048], [79.80644600638381, 19.5787986742532], [79.78568179732488, 19.644433016561678], [79.7824597648847, 19.727047387726074], [79.75346147292309, 19.75774205527332], [79.73699330711773, 19.81586600020321], [79.74415337920702, 19.837744114306037], [79.78031174325793, 19.86060184545824], [79.80322397394363, 19.892276130054867], [79.76921363151952, 19.965747408758382], [79.76921363151952, 19.965747408758382], [79.76957163512398, 19.967053564824223], [79.78281776848917, 20.009830175980493], [79.81074204963738, 20.027463282869338], [79.82184016137577, 20.027789821885797], [79.84439438845703, 20.029095977951638], [79.85298647496418, 20.029422516968097], [79.85334447856864, 20.028116360902256], [79.86945464076953, 19.989258217943508], [79.87267667320971, 19.981421281548467], [79.87625670925436, 19.979135508433245], [79.9048969976115, 19.968686259906523], [79.91563710574543, 19.969339337939445], [79.95322748421418, 19.99187053007519], [79.98974385186955, 20.0457494677911], [79.96754762839277, 20.117914590428775], [79.929957249924, 20.13064961207072], [79.92530320306597, 20.13522115830116], [79.91420509132757, 20.145670406827882], [79.91062505528294, 20.149262336008942], [79.9120570697008, 20.151874648140623], [79.93496930038651, 20.19432472028043], [79.98652181942937, 20.214570139300957], [79.98831183745169, 20.220774380613697], [79.98473180140705, 20.23481555832148], [79.94212937247579, 20.290327191119694], [79.94785743014722, 20.32396070981508], [79.97148566804186, 20.353675760312946], [79.9571655238633, 20.383390810810813], [79.96217757432579, 20.41669779048974], [79.93854933643115, 20.443473989839465], [79.93854933643115, 20.443800528855924], [79.950005451774, 20.530986446250765], [79.92458719585704, 20.555803411501728], [79.93819133282669, 20.60151887380614], [79.93640131480436, 20.631233924304006], [79.93425329317758, 20.663887825950013], [79.93353728596865, 20.672704379394432], [79.93317928236418, 20.679888237756554], [79.96110356351241, 20.694909032513717], [79.98258377978026, 20.677275925624876]]]}}, {"type": "Feature", "properties": {"id": "washim", "name": "Washim", "st_nm": "Maharashtra"}, "geometry": {"type": "Polygon", "coordinates": [[[76.63918811768794, 19.866479547754523], [76.66031033035132, 19.89292920808779], [76.65279225465757, 19.90076614448283], [76.65243425105311, 19.90109268349929], [76.61090583293525, 19.89292920808779], [76.60696779328615, 19.923623875635034], [76.63668209245668, 19.933420046128838], [76.63417606722543, 19.95562469924812], [76.65887831593346, 19.964767791709004], [76.66102633756026, 19.976196657285104], [76.6606683339558, 19.976196657285104], [76.64563218256829, 19.984360132696608], [76.65744630151562, 20.00134016155253], [76.66210034837366, 20.04770870188986], [76.62379396269597, 20.05097409205446], [76.63023802757633, 20.082321837634627], [76.64921221861293, 20.069260276976223], [76.66854441325401, 20.12607806584028], [76.75661329995224, 20.128037299939038], [76.76019333599687, 20.161670818634427], [76.74837921704955, 20.165915825848405], [76.74658919902723, 20.206733202905916], [76.78453758110045, 20.203467812741316], [76.8010057469058, 20.21848860749848], [76.82141195236028, 20.23775440946962], [76.8232019703826, 20.239713643568383], [76.8232019703826, 20.241019799634223], [76.81926393073348, 20.28053102062589], [76.82391797759152, 20.28510256685633], [76.84862022629956, 20.298817205547653], [76.85291626955313, 20.298490666531194], [76.86616240291832, 20.28216371570819], [76.86902643175402, 20.27857178652713], [76.8722484641942, 20.27465331832961], [76.87976653988795, 20.27922486456005], [76.87940853628349, 20.29163334718553], [76.90983884266296, 20.312531844238976], [76.89193866243974, 20.31710339046942], [76.89766672011118, 20.33506303637472], [76.91914693637904, 20.359553462609227], [76.93203506613975, 20.356614611461087], [76.93561510218439, 20.37032925015241], [76.95745332205672, 20.362818852773827], [76.97714352030225, 20.370655789168868], [76.97427949146655, 20.379798881629753], [76.99540170412993, 20.393840059337535], [76.99217967168975, 20.407881237045316], [77.01401789156208, 20.412779322292216], [77.024757999696, 20.449025153119287], [77.03907814387458, 20.447392458036987], [77.05912634572458, 20.443800528855924], [77.04731222677727, 20.41800394655558], [77.0469542231728, 20.390574669172935], [77.0559043132844, 20.386656200975413], [77.08955665210405, 20.395146215403376], [77.09134667012637, 20.41767740753912], [77.12070296569244, 20.410820088193457], [77.14075116754245, 20.37947234261329], [77.15113327207192, 20.399391222617353], [77.18299559286925, 20.398085066551516], [77.19731573704782, 20.424861265901242], [77.18371160007817, 20.432371663279824], [77.18621762530942, 20.448372075086365], [77.2255980218005, 20.447392458036987], [77.22989406505407, 20.47384211837025], [77.26641043270943, 20.458494784596628], [77.27750854444783, 20.42290203180248], [77.29111268141747, 20.41996318065434], [77.29791474990229, 20.446086301971146], [77.32512302384158, 20.450331309185124], [77.32977707069962, 20.46927057213981], [77.34338120766925, 20.47155634525503], [77.33944316802015, 20.483638288864054], [77.32404901302819, 20.486903679028654], [77.32727104546836, 20.497679466571835], [77.36915746719069, 20.496373310505994], [77.36879946358623, 20.480372898699454], [77.38168759334694, 20.483638288864054], [77.38920566904069, 20.502251012802276], [77.39600773752551, 20.525761821987402], [77.36521942754158, 20.51792488559236], [77.33586313197551, 20.525761821987402], [77.33980117162461, 20.575069213472872], [77.36163939149694, 20.56788535511075], [77.36700944556391, 20.580620376752695], [77.40674784565944, 20.589763469213576], [77.41032788170409, 20.61033542725056], [77.45901637191123, 20.61751928561268], [77.45973237912017, 20.61751928561268], [77.44040018447909, 20.642336250863647], [77.41533993216659, 20.645601641028247], [77.4242900222782, 20.65898974070311], [77.47834856655231, 20.66258166988417], [77.48908867468624, 20.681520932838854], [77.5105688909541, 20.663887825950013], [77.51200090537196, 20.682174010871776], [77.53885117570678, 20.683480166937613], [77.5356291432666, 20.697847883661858], [77.51987698467018, 20.702745968908758], [77.5617634063925, 20.701113273826458], [77.57823157219785, 20.727236395143265], [77.6108099002041, 20.71776676366592], [77.63372213088982, 20.71254213940256], [77.63515414530768, 20.65898974070311], [77.65412833634429, 20.66062243578541], [77.6480422750684, 20.648540492176387], [77.65663436157554, 20.639070860699047], [77.62763606961393, 20.56657919904491], [77.65019029669519, 20.56429342592969], [77.64231421739697, 20.531966063300143], [77.67346053098537, 20.538823382645806], [77.69028670039519, 20.534904914448283], [77.68742267155947, 20.523476048872183], [77.66665846250055, 20.51694526854298], [77.65377033273982, 20.497679466571835], [77.6430302246059, 20.450657848201587], [77.61510594345768, 20.46633172099167], [77.59792177044339, 20.446739380004065], [77.60364982811483, 20.435963592460883], [77.59004569114518, 20.429106273115224], [77.59541574521214, 20.412126244259298], [77.5818116082425, 20.41571817344036], [77.57357752533981, 20.400044300650276], [77.57894757940679, 20.37196194523471], [77.5678494676684, 20.345512284901446], [77.56713346045946, 20.343553050802683], [77.56749146406392, 20.33016495112782], [77.58431763347374, 20.32657302194676], [77.59398373079429, 20.28053102062589], [77.61045189659964, 20.27857178652713], [77.61045189659964, 20.263550991769968], [77.66594245529161, 20.247224040946964], [77.64446223902375, 20.18714086191831], [77.65233831832197, 20.172120067161146], [77.67883058505234, 20.167875059947164], [77.6791885886568, 20.167875059947164], [77.67596655621662, 20.146650023877264], [77.66952249133625, 20.10191417862223], [77.65842437959786, 20.09668955435887], [77.6279940732184, 20.03530021926438], [77.58037959382465, 20.029095977951638], [77.55531934151215, 20.0473821628734], [77.52453103152821, 20.09668955435887], [77.4944587287532, 20.079382986486486], [77.47870657015677, 20.08428107173339], [77.46367041876927, 20.069260276976223], [77.36486142393711, 20.09864878845763], [77.36987347439963, 20.089832235013212], [77.35268930138533, 20.065341808778705], [77.3720214960264, 20.04640254582402], [77.35483732301212, 20.013422105161553], [77.34051717883355, 20.00754440286527], [77.33586313197551, 19.973584345153427], [77.3219009914014, 19.959216628429182], [77.30435881478265, 19.965420869741923], [77.29863075711121, 19.9435427556391], [77.2846686165371, 19.937011975309897], [77.2846686165371, 19.90860308087787], [77.27536052282103, 19.916113478256452], [77.27106447956747, 19.917093095305834], [77.26748444352282, 19.89815383235115], [77.26712643991836, 19.89815383235115], [77.26712643991836, 19.89782729333469], [77.2617563858514, 19.89652113726885], [77.23669613353889, 19.89162305202195], [77.23526411912103, 19.891296513005486], [77.24314019841924, 19.90468461268035], [77.23669613353889, 19.937011975309897], [77.20733983797281, 19.940277365474497], [77.20698183436835, 19.940277365474497], [77.2144999100621, 19.973257806136964], [77.20089577309245, 19.990890913025808], [77.18550161810049, 19.984360132696608], [77.17798354240674, 19.980768203515545], [77.17118147392192, 19.965420869741923], [77.13860314591567, 19.95529816023166], [77.13430710266209, 19.943216216622638], [77.10280278546924, 19.932113890062997], [77.10244478186476, 19.932766968095915], [77.06091636374691, 19.99448284220687], [77.03621411503887, 20.008197480898193], [77.01258587714422, 20.001993239585452], [76.99396968971207, 20.017340573359075], [76.98824163204065, 19.99774823237147], [76.92236896881921, 19.975217040235727], [76.90053074894689, 19.963788174659623], [76.89516069487992, 19.94876737990246], [76.83752211456117, 19.963788174659623], [76.82141195236028, 19.929175038914856], [76.77272346215312, 19.935379280227597], [76.76448937925045, 19.90468461268035], [76.74694720263169, 19.912521549075393], [76.74014513414687, 19.873336867100186], [76.69682669800669, 19.875949179231863], [76.68107453941026, 19.847213745783378], [76.63918811768794, 19.866479547754523]]]}}, {"type": "Feature", "properties": {"id": "chandrapur", "name": "Chandrapur", "st_nm": "Maharashtra"}, "geometry": {"type": "Polygon", "coordinates": [[[79.93353728596865, 20.672704379394432], [79.93425329317758, 20.663887825950013], [79.93640131480436, 20.631233924304006], [79.93819133282669, 20.60151887380614], [79.92458719585704, 20.555803411501728], [79.950005451774, 20.530986446250765], [79.93854933643115, 20.443800528855924], [79.93854933643115, 20.443473989839465], [79.96217757432579, 20.41669779048974], [79.9571655238633, 20.383390810810813], [79.97148566804186, 20.353675760312946], [79.94785743014722, 20.32396070981508], [79.94212937247579, 20.290327191119694], [79.98473180140705, 20.23481555832148], [79.98831183745169, 20.220774380613697], [79.98652181942937, 20.214570139300957], [79.93496930038651, 20.19432472028043], [79.9120570697008, 20.151874648140623], [79.91062505528294, 20.149262336008942], [79.91420509132757, 20.145670406827882], [79.92530320306597, 20.13522115830116], [79.929957249924, 20.13064961207072], [79.96754762839277, 20.117914590428775], [79.98974385186955, 20.0457494677911], [79.95322748421418, 19.99187053007519], [79.91563710574543, 19.969339337939445], [79.9048969976115, 19.968686259906523], [79.87625670925436, 19.979135508433245], [79.87267667320971, 19.981421281548467], [79.86945464076953, 19.989258217943508], [79.85334447856864, 20.028116360902256], [79.85298647496418, 20.029422516968097], [79.84439438845703, 20.029095977951638], [79.82184016137577, 20.027789821885797], [79.81074204963738, 20.027463282869338], [79.78281776848917, 20.009830175980493], [79.76957163512398, 19.967053564824223], [79.76921363151952, 19.965747408758382], [79.76921363151952, 19.965747408758382], [79.80322397394363, 19.892276130054867], [79.78031174325793, 19.86060184545824], [79.74415337920702, 19.837744114306037], [79.73699330711773, 19.81586600020321], [79.75346147292309, 19.75774205527332], [79.7824597648847, 19.727047387726074], [79.78568179732488, 19.644433016561678], [79.80644600638381, 19.5787986742532], [79.77852172523559, 19.599697171306644], [79.74307936839362, 19.608840263767526], [79.70906902596951, 19.58467637654948], [79.62780220775612, 19.57324751097338], [79.61419807078647, 19.55953287228206], [79.59593988695879, 19.507286629648448], [79.55297945442307, 19.52426665850437], [79.5397333210579, 19.554634787035155], [79.5186111083945, 19.543205921459055], [79.5186111083945, 19.52002165129039], [79.47171263620967, 19.500429310302785], [79.43340625053199, 19.537328219162774], [79.42051812077128, 19.52949128276773], [79.40548196938377, 19.53536898506401], [79.36574356928823, 19.57651290113798], [79.31848709349894, 19.57683944015444], [79.31419105024537, 19.566716730644178], [79.30703097815608, 19.596758320158507], [79.27302063573197, 19.598717554257266], [79.24330633656143, 19.61667720016257], [79.2386522897034, 19.606227951635848], [79.25333043748643, 19.593166390977444], [79.23686227168108, 19.557247099166837], [79.23972630051679, 19.53504244604755], [79.20392594007035, 19.494225068990044], [79.22361613831589, 19.469408103739077], [79.19103781030964, 19.458958855212355], [79.09795687314892, 19.53210359489941], [79.04604635050158, 19.548430545722415], [78.99807386750336, 19.540267070310914], [78.98124769809354, 19.5608390283479], [78.97408762600426, 19.549410162771796], [78.94043528718461, 19.552022474903474], [78.93792926195336, 19.561818645397278], [78.97301361519087, 19.582390603434263], [78.95547143857212, 19.600350249339566], [78.95547143857212, 19.655861882137778], [78.90356091592479, 19.670229598862022], [78.88673474651496, 19.65520880410486], [78.85165039327745, 19.65847419426946], [78.85988447618014, 19.689495400833167], [78.84091028514354, 19.7619870624873], [78.87706864919443, 19.767538225767122], [78.87706864919443, 19.767538225767122], [78.87885866721675, 19.75447666510872], [78.87957467442568, 19.748598962812437], [78.87957467442568, 19.747619345763056], [78.8863767429105, 19.745007033631378], [78.90212890150693, 19.738149714285715], [78.90356091592479, 19.737496636252796], [78.931485197073, 19.745007033631378], [78.94938537729622, 19.749905118878278], [78.9504593881096, 19.750231657894737], [78.93721325474444, 19.777007857244463], [78.951533398923, 19.798559432330826], [78.97193960437747, 19.80704944675879], [79.02349212342034, 19.800192127413126], [79.04103430003909, 19.821417163483034], [79.07182261002302, 19.818151773318434], [79.0900807938507, 19.84656066775046], [79.10619095605159, 19.847540284799837], [79.1101289957007, 19.847540284799837], [79.11657306058106, 19.85472414316196], [79.1423493201025, 19.883786115626904], [79.14664536335606, 19.88835766185735], [79.14843538137839, 19.89652113726885], [79.09079680105962, 19.916766556289375], [79.08829077582838, 19.949420457935382], [79.10905498488731, 19.970318954988826], [79.09115480466409, 19.982727437614308], [79.11191901372302, 19.99121745204227], [79.10833897767839, 20.009503636964034], [79.08292072176141, 20.023218275655356], [79.07289662083642, 20.064362191729323], [79.0438983288748, 20.068607198943305], [79.04819437212838, 20.08656684484861], [79.01919608016676, 20.111383810099575], [78.9987898747123, 20.12771076092258], [78.96943357914623, 20.127057682889657], [78.96871757193729, 20.144037711745582], [78.98124769809354, 20.149262336008942], [78.95403942415426, 20.172120067161146], [78.9626315106614, 20.208039358971753], [78.92217710335693, 20.238734026519], [78.92110309254353, 20.254081360292624], [78.8151340256221, 20.251142509144483], [78.81477602201764, 20.252122126193864], [78.81978807248014, 20.276612552428368], [78.79973987063013, 20.299796822597035], [78.79938186702567, 20.299796822597035], [78.7990238634212, 20.300449900629953], [78.82372611212924, 20.31742992948588], [78.83124418782299, 20.32265455374924], [78.83052818061407, 20.32722609997968], [78.81943006887568, 20.350083831131883], [78.82444211933817, 20.35890038457631], [78.81692404364442, 20.396778910485676], [78.8462803392105, 20.412779322292216], [78.8341082166587, 20.42616742196708], [78.83482422386764, 20.4268205], [78.8341082166587, 20.42714703901646], [78.83661424188996, 20.42877973409876], [78.84341631037478, 20.432371663279824], [78.84556433200157, 20.434004358362124], [78.85702044734442, 20.42126933672018], [78.89998087988015, 20.43694320951026], [78.90033888348461, 20.437269748526724], [78.9536814205498, 20.428126656065842], [78.96728555751943, 20.460127479678928], [78.98733375936943, 20.46567864295875], [79.00165390354802, 20.450657848201587], [79.02349212342034, 20.482658671814672], [79.04533034329266, 20.477760586567772], [79.05213241177748, 20.46600518197521], [79.10225291640249, 20.46241325279415], [79.11872108220784, 20.450657848201587], [79.13232521917749, 20.457188628530787], [79.1402012984757, 20.482005593781754], [79.15810147869892, 20.47808712558423], [79.16991559764624, 20.51400641739484], [79.18208772019803, 20.51335333936192], [79.19175381751857, 20.537190687563506], [79.21717207343553, 20.552538021337128], [79.22075210948017, 20.583232688884372], [79.29306883758197, 20.592702320361717], [79.32099311873019, 20.584865383966672], [79.34712738185608, 20.635152392501524], [79.34104132058019, 20.644295484962406], [79.35357144673644, 20.653112038406828], [79.3489173998784, 20.675969769559032], [79.37970570986234, 20.682827088904695], [79.39867990089894, 20.65898974070311], [79.4362702793677, 20.66094897480187], [79.46956461458288, 20.679888237756554], [79.48925481282842, 20.70927674923796], [79.50500697142485, 20.70209289087584], [79.51789510118557, 20.71417483448486], [79.5186111083945, 20.71417483448486], [79.56515157697486, 20.707317515139202], [79.56694159499718, 20.696868266612476], [79.58949582207843, 20.691643642349117], [79.60918602032397, 20.6958886495631], [79.61956812485343, 20.675969769559032], [79.66073853936683, 20.66682667709815], [79.66360256820255, 20.65441819447267], [79.69439087818648, 20.642009711847187], [79.69474888179094, 20.642336250863647], [79.69224285655969, 20.674010535460273], [79.70942702957399, 20.687398635135136], [79.75095544769184, 20.690337486283276], [79.75202945850523, 20.6991540397277], [79.7573995125722, 20.733767175472465], [79.7573995125722, 20.734746792521847], [79.78603980092934, 20.721032153830524], [79.80286597033917, 20.697847883661858], [79.83902433439006, 20.682827088904695], [79.88842883180614, 20.689357869233895], [79.92959924631954, 20.669438989229832], [79.93353728596865, 20.672704379394432]]]}}, {"type": "Feature", "properties": {"id": "yavatmal", "name": "Yavatmal", "st_nm": "Maharashtra"}, "geometry": {"type": "Polygon", "coordinates": [[[78.2741905792765, 20.693276337431417], [78.27848662253008, 20.69229672038204], [78.2663144999783, 20.679561698740095], [78.269178528814, 20.665520521032313], [78.26953653241847, 20.66519398201585], [78.24877232335953, 20.645275102011787], [78.26273446393364, 20.578334603637472], [78.27884462613454, 20.56004841871571], [78.29459678473097, 20.56135457478155], [78.40987394536849, 20.51172064427962], [78.43350218326313, 20.51955758067466], [78.45032835267295, 20.512700261328998], [78.47216657254528, 20.52804759510262], [78.5090409438051, 20.525108743954483], [78.53481720332653, 20.46535210394229], [78.56238348087028, 20.440208599674865], [78.60570191701046, 20.431065507213983], [78.61178797828636, 20.444780145905305], [78.62002206118905, 20.434657436395042], [78.64758833873279, 20.4349839754115], [78.64615632431494, 20.418657024588498], [78.68947476045511, 20.37032925015241], [78.68947476045511, 20.358573845559846], [78.70844895149173, 20.349430753098964], [78.7077329442828, 20.310572610140216], [78.73064517496852, 20.305347985876857], [78.73601522903549, 20.29489873735013], [78.73816325066227, 20.293919120300753], [78.79186379133192, 20.299143744564113], [78.79938186702567, 20.299796822597035], [78.79973987063013, 20.299796822597035], [78.81978807248014, 20.276612552428368], [78.81477602201764, 20.252122126193864], [78.8151340256221, 20.251142509144483], [78.92110309254353, 20.254081360292624], [78.92217710335693, 20.238734026519], [78.9626315106614, 20.208039358971753], [78.95403942415426, 20.172120067161146], [78.98124769809354, 20.149262336008942], [78.96871757193729, 20.144037711745582], [78.96943357914623, 20.127057682889657], [78.9987898747123, 20.12771076092258], [79.01919608016676, 20.111383810099575], [79.04819437212838, 20.08656684484861], [79.0438983288748, 20.068607198943305], [79.07289662083642, 20.064362191729323], [79.08292072176141, 20.023218275655356], [79.10833897767839, 20.009503636964034], [79.11191901372302, 19.99121745204227], [79.09115480466409, 19.982727437614308], [79.10905498488731, 19.970318954988826], [79.08829077582838, 19.949420457935382], [79.09079680105962, 19.916766556289375], [79.14843538137839, 19.89652113726885], [79.14664536335606, 19.88835766185735], [79.1423493201025, 19.883786115626904], [79.11657306058106, 19.85472414316196], [79.1101289957007, 19.847540284799837], [79.10619095605159, 19.847540284799837], [79.0900807938507, 19.84656066775046], [79.07182261002302, 19.818151773318434], [79.04103430003909, 19.821417163483034], [79.02349212342034, 19.800192127413126], [78.97193960437747, 19.80704944675879], [78.951533398923, 19.798559432330826], [78.93721325474444, 19.777007857244463], [78.9504593881096, 19.750231657894737], [78.94938537729622, 19.749905118878278], [78.931485197073, 19.745007033631378], [78.90356091592479, 19.737496636252796], [78.90212890150693, 19.738149714285715], [78.8863767429105, 19.745007033631378], [78.87957467442568, 19.747619345763056], [78.87957467442568, 19.748598962812437], [78.87885866721675, 19.75447666510872], [78.87706864919443, 19.767538225767122], [78.87706864919443, 19.767538225767122], [78.84091028514354, 19.7619870624873], [78.80439391748817, 19.75610936019102], [78.78219769401139, 19.778640552326763], [78.75642143448995, 19.77276285003048], [78.73852125426673, 19.783212098557204], [78.71954706323012, 19.76655860871774], [78.69914085777566, 19.788763261837026], [78.60355389538368, 19.818478312334893], [78.51548500868546, 19.81913139036781], [78.50725092578278, 19.79757981528145], [78.49042475637296, 19.792681730034545], [78.47252457614974, 19.817172156269052], [78.43171216524081, 19.81455984413737], [78.40020784804794, 19.834152185124974], [78.38624570747383, 19.846234128733997], [78.38051764980241, 19.880520725462304], [78.32896513075954, 19.887051505791508], [78.32466908750597, 19.89750075431823], [78.33397718122204, 19.90566422972973], [78.3264591055283, 19.91644001727291], [78.30605290007382, 19.911215393009552], [78.2842146802015, 19.90566422972973], [78.2741905792765, 19.873989945133104], [78.25378437382204, 19.866153008738063], [78.25342637021757, 19.866479547754523], [78.24089624406132, 19.882806498577526], [78.25700640626222, 19.90174576153221], [78.25056234138185, 19.924603492684415], [78.20509588361489, 19.898480371367608], [78.20473788001043, 19.898480371367608], [78.16464147631042, 19.90664384677911], [78.14351926364702, 19.910888853993093], [78.12848311225952, 19.89456190317009], [78.10378086355149, 19.890316895956108], [78.1027068527381, 19.890643434972567], [78.0744245679854, 19.89652113726885], [78.05366035892648, 19.924603492684415], [78.01535397324879, 19.907623463828493], [77.953061346072, 19.90860308087787], [77.90150882702915, 19.878234952347086], [77.87215253146307, 19.831866412009756], [77.87036251344074, 19.821417163483034], [77.85389434763539, 19.80345751757773], [77.84959830438181, 19.796600198232067], [77.86391844856038, 19.77276285003048], [77.86248643414253, 19.745660111664296], [77.87609057111217, 19.743700877565537], [77.89041071529074, 19.725741231660233], [77.9340871550354, 19.738149714285715], [77.9802696200113, 19.698965032310507], [77.98563967407826, 19.678066535257063], [77.98778769570504, 19.676760379191222], [78.01177393720415, 19.681985003454585], [78.0303901246363, 19.692434251981304], [78.04757429765058, 19.689821939849626], [78.05473436973988, 19.66337227951636], [78.08838670855951, 19.637249158199552], [78.1027068527381, 19.655861882137778], [78.12454507261042, 19.651616874923796], [78.13134714109523, 19.66435189656574], [78.17896162048899, 19.650637257874415], [78.17967762769793, 19.649657640825037], [78.19686180071221, 19.616350661146107], [78.18934372501846, 19.559206333265596], [78.188985721414, 19.558226716216218], [78.15103733934077, 19.544512077524892], [78.11989102575238, 19.548757084738874], [78.13564318434881, 19.51936857325747], [78.13564318434881, 19.51904203424101], [78.12239705098364, 19.510552019813048], [78.11273095366309, 19.481816586364562], [78.09483077343988, 19.48279620341394], [78.0694125175229, 19.458305777179437], [78.06869651031398, 19.458632316195896], [78.06833850670952, 19.458305777179437], [78.02466206696486, 19.489326983743144], [78.01893400929345, 19.47038772078846], [78.01463796603987, 19.456020004064214], [78.01427996243541, 19.455040387014837], [77.9981698002345, 19.455040387014837], [77.99244174256307, 19.455040387014837], [77.99208373895861, 19.455040387014837], [77.97131952989969, 19.508266246697826], [77.95270334246754, 19.511205097845966], [77.9380251946845, 19.496837381121725], [77.90723688470057, 19.534062828998174], [77.88897870087288, 19.51904203424101], [77.88539866482824, 19.501408927352166], [77.85998040891128, 19.521980885389148], [77.84351224310592, 19.510552019813048], [77.84387024671038, 19.488020827677303], [77.8266860736961, 19.47887773521642], [77.8467342755461, 19.452428074883155], [77.83098211694967, 19.43936651422475], [77.81988400521128, 19.440672670290592], [77.80520585742823, 19.464183479475718], [77.79911979615234, 19.450142301767933], [77.74899929152734, 19.42989688274741], [77.69887878690233, 19.43838689717537], [77.69708876888001, 19.43838689717537], [77.69422474004429, 19.455366926031296], [77.71105090945412, 19.47691850111766], [77.73861718699787, 19.48279620341394], [77.73360513653537, 19.494551608006503], [77.7493572951318, 19.508919324730748], [77.7454192554827, 19.52524627555375], [77.72787707886394, 19.532430133915874], [77.70568085538716, 19.521980885389148], [77.69565675446215, 19.539613992277992], [77.63551214891214, 19.549736701788255], [77.63336412728536, 19.557247099166837], [77.64911628588179, 19.557247099166837], [77.6380181741434, 19.593166390977444], [77.64446223902375, 19.607207568685226], [77.62727806600947, 19.60590141261939], [77.62584605159161, 19.625167214590533], [77.6118839110175, 19.62908568278805], [77.61653795787554, 19.638228775248933], [77.606871860555, 19.648351484759196], [77.59756376683893, 19.642800321479374], [77.57823157219785, 19.65880073328592], [77.55424533069875, 19.650637257874415], [77.53777716489338, 19.668596903779722], [77.45830036470231, 19.682311542471044], [77.44577023854606, 19.689168861816704], [77.4432642133148, 19.689495400833167], [77.44362221691927, 19.690148478866085], [77.44899227098624, 19.700924266409267], [77.43861016645677, 19.72508815362731], [77.41104388891301, 19.745986650680756], [77.39278570508533, 19.727700465758993], [77.38025557892908, 19.728680082808374], [77.38025557892908, 19.729659699857756], [77.38347761136926, 19.767211686750663], [77.40531583124158, 19.775048623145704], [77.3781075573023, 19.787130566754726], [77.38777365462283, 19.819784468400734], [77.36593543475051, 19.825988709713474], [77.35519532661658, 19.816845617252593], [77.35376331219872, 19.818151773318434], [77.35161529057194, 19.81945792938427], [77.34338120766925, 19.825662170697015], [77.34338120766925, 19.829907177910997], [77.34302320406479, 19.834152185124974], [77.34302320406479, 19.836764497256656], [77.35984937347462, 19.835458341190815], [77.35161529057194, 19.849172979882137], [77.36128138789248, 19.859948767425323], [77.34517122569159, 19.86386723562284], [77.34588723290051, 19.875949179231863], [77.32261699861033, 19.888031122840886], [77.29505072106657, 19.884439193659826], [77.29469271746211, 19.885745349725667], [77.29433471385765, 19.89162305202195], [77.29361870664872, 19.895214981203008], [77.29433471385765, 19.895214981203008], [77.31330890489426, 19.895541520219467], [77.31223489408086, 19.91219501005893], [77.30292680036479, 19.90990923694371], [77.28789064897728, 19.905990768746193], [77.2846686165371, 19.90501115169681], [77.2846686165371, 19.90860308087787], [77.2846686165371, 19.937011975309897], [77.29863075711121, 19.9435427556391], [77.30435881478265, 19.965420869741923], [77.3219009914014, 19.959216628429182], [77.33586313197551, 19.973584345153427], [77.34051717883355, 20.00754440286527], [77.35483732301212, 20.013422105161553], [77.3720214960264, 20.04640254582402], [77.35268930138533, 20.065341808778705], [77.36987347439963, 20.089832235013212], [77.36486142393711, 20.09864878845763], [77.46367041876927, 20.069260276976223], [77.47870657015677, 20.08428107173339], [77.4944587287532, 20.079382986486486], [77.52453103152821, 20.09668955435887], [77.55531934151215, 20.0473821628734], [77.58037959382465, 20.029095977951638], [77.6279940732184, 20.03530021926438], [77.65842437959786, 20.09668955435887], [77.66952249133625, 20.10191417862223], [77.67596655621662, 20.146650023877264], [77.6791885886568, 20.167875059947164], [77.67883058505234, 20.167875059947164], [77.65233831832197, 20.172120067161146], [77.64446223902375, 20.18714086191831], [77.66594245529161, 20.247224040946964], [77.61045189659964, 20.263550991769968], [77.61045189659964, 20.27857178652713], [77.59398373079429, 20.28053102062589], [77.58431763347374, 20.32657302194676], [77.56749146406392, 20.33016495112782], [77.56713346045946, 20.343553050802683], [77.5678494676684, 20.345512284901446], [77.57894757940679, 20.37196194523471], [77.57357752533981, 20.400044300650276], [77.5818116082425, 20.41571817344036], [77.59541574521214, 20.412126244259298], [77.59004569114518, 20.429106273115224], [77.60364982811483, 20.435963592460883], [77.59792177044339, 20.446739380004065], [77.61510594345768, 20.46633172099167], [77.6430302246059, 20.450657848201587], [77.65377033273982, 20.497679466571835], [77.66665846250055, 20.51694526854298], [77.68742267155947, 20.523476048872183], [77.69028670039519, 20.534904914448283], [77.67346053098537, 20.538823382645806], [77.64231421739697, 20.531966063300143], [77.65019029669519, 20.56429342592969], [77.65090630390411, 20.56494650396261], [77.66594245529161, 20.579967298719772], [77.69708876888001, 20.57213036232473], [77.74148121583359, 20.56135457478155], [77.7515053167586, 20.544701084942087], [77.77871359069788, 20.540129538711646], [77.80556386103271, 20.56429342592969], [77.8105759114952, 20.584212305933754], [77.84029021066574, 20.56494650396261], [77.84637627194164, 20.587804235114817], [77.86714048100056, 20.595314632493398], [77.86606647018718, 20.61033542725056], [77.87859659634343, 20.60935581020118], [77.89470675854432, 20.62502968299126], [77.91761898923004, 20.60739657610242], [77.91260693876754, 20.566905738061372], [77.92513706492379, 20.55874226264987], [77.93265514061754, 20.57539575248933], [77.97310954792201, 20.587477696098354], [77.99530577139879, 20.624376604958343], [78.02036602371129, 20.626009300040643], [78.01857600568897, 20.640377016764887], [78.03683418951665, 20.665520521032313], [78.08946071937291, 20.671398223328595], [78.09912681669346, 20.665847060048772], [78.09339875902202, 20.641030094797806], [78.11058293203631, 20.639397399715506], [78.12919911946845, 20.646907797094087], [78.12812510865506, 20.66258166988417], [78.15676539701221, 20.65866320168665], [78.18218365292917, 20.677275925624876], [78.20545388721935, 20.674010535460273], [78.21726800616668, 20.690337486283276], [78.21870002058454, 20.6926232593985], [78.25485838463543, 20.683153627921154], [78.25557439184436, 20.683153627921154], [78.26130244951578, 20.69719480562894], [78.2741905792765, 20.693276337431417]]]}}, {"type": "Feature", "properties": {"id": "ratnagiri", "name": "Ratnagiri", "st_nm": "Maharashtra"}, "geometry": {"type": "Polygon", "coordinates": [[[73.57217123824206, 17.875244625381022], [73.5757512742867, 17.8680607670189], [73.57754129230902, 17.86512191587076], [73.57897330672688, 17.86218306472262], [73.5957994761367, 17.851080738162977], [73.58434336079385, 17.82920262406015], [73.60331755183046, 17.795242566348303], [73.5818373355626, 17.789038325035563], [73.59221944009207, 17.77662984241008], [73.56859120219741, 17.72405706076001], [73.59042942206975, 17.702832024690103], [73.61441566356885, 17.713607812233285], [73.63446386541885, 17.696627783377362], [73.65057402761975, 17.709036266002848], [73.68673239167065, 17.686831612883562], [73.68064633039475, 17.67801505943914], [73.69997852503583, 17.658422718451536], [73.69031242771528, 17.628054589920747], [73.72002672688583, 17.620544192542166], [73.71286665479654, 17.608135709916684], [73.72647079176619, 17.589522985978462], [73.71501467642332, 17.573849113188377], [73.74508697919833, 17.555889467283073], [73.74007492873582, 17.53335827514733], [73.72110073769922, 17.526500955801666], [73.70176854305815, 17.50560245874822], [73.70749660072957, 17.49417359317212], [73.69353446015546, 17.48698973481], [73.70642258991619, 17.465438159723632], [73.70320055747601, 17.423967704633206], [73.68959642050636, 17.422661548567365], [73.66632618621618, 17.39229342003658], [73.64126593390368, 17.39098726397074], [73.67670829074564, 17.368129532818532], [73.68386836283493, 17.35212912101199], [73.67778230155903, 17.294984793131476], [73.6781403051635, 17.294658254115017], [73.69389246375994, 17.26167781345255], [73.69389246375994, 17.26069819640317], [73.69353446015546, 17.261024735419632], [73.69281845294654, 17.230656606888843], [73.71501467642332, 17.20714579770372], [73.69353446015546, 17.179716520321072], [73.693176456551, 17.179716520321072], [73.69460847096886, 17.179063442288154], [73.70713859712511, 17.17089996687665], [73.70749660072957, 17.17089996687665], [73.68601638446171, 17.15849148425117], [73.6881644060885, 17.141184916378787], [73.71036062956529, 17.142817611461087], [73.73685289629564, 17.120612958341802], [73.74759300442958, 17.127796816703924], [73.74830901163851, 17.128123355720383], [73.8055895883528, 17.084040588498272], [73.80272555951709, 17.06118285734607], [73.83029183706084, 17.058244006197928], [73.82098374334477, 17.037998587177405], [73.83243985868762, 17.024610487502542], [73.8317238514787, 16.997181210119894], [73.83136584787424, 16.990323890774235], [73.82527978659834, 16.990650429790694], [73.78625739371172, 16.992936202905913], [73.76262915581708, 16.959955762243446], [73.79592349103227, 16.92860801666328], [73.7894794261519, 16.909995292725057], [73.78804741173406, 16.906729902560457], [73.76477717744386, 16.910321831741516], [73.76119714139922, 16.901831817313553], [73.74007492873582, 16.912281065840276], [73.7382849107135, 16.906729902560457], [73.73864291431798, 16.902811434362935], [73.7493830224519, 16.901178739280635], [73.74651899361619, 16.88485178845763], [73.76799920988405, 16.86787175960171], [73.7654931846528, 16.851544808778705], [73.76513518104834, 16.848932496647024], [73.75224705128761, 16.8352178579557], [73.73685289629564, 16.844687489433042], [73.70964462235636, 16.82934015565942], [73.76119714139922, 16.801910878276775], [73.75367906570547, 16.78525738843731], [73.76083913779476, 16.77056313269661], [73.78124534324922, 16.77840006909165], [73.78160334685369, 16.77872660810811], [73.7866153973162, 16.77056313269661], [73.79234345498762, 16.762726196301564], [73.81239165683762, 16.768603898597846], [73.81310766404656, 16.768277359581386], [73.81525568567334, 16.766318125482627], [73.82885982264298, 16.753909642857142], [73.83279786229208, 16.7428073162975], [73.8356618911278, 16.73497037990246], [73.83637789833674, 16.73399076285308], [73.83422987670994, 16.73170498973786], [73.8106016388153, 16.707541102519812], [73.85857412181352, 16.681744520219468], [73.84998203530638, 16.673581044807968], [73.86322816867155, 16.669662576610445], [73.8628701650671, 16.669009498577527], [73.86072214344031, 16.664437952347086], [73.85463608216442, 16.65170293070514], [73.85356207135102, 16.651376391688682], [73.8517720533287, 16.648111001524082], [73.85141404972424, 16.649417157589923], [73.84640199926173, 16.6503967746393], [73.83100784426976, 16.64843754054054], [73.77480127836887, 16.664111413330623], [73.77193724953315, 16.664764491363545], [73.7644191738394, 16.64353945529364], [73.75260505489209, 16.64092714316196], [73.76871521709297, 16.624600192338956], [73.76728320267512, 16.60239553921967], [73.70892861514743, 16.602069000203212], [73.69997852503583, 16.624926731355416], [73.69138643852868, 16.624600192338956], [73.67026422586528, 16.58378281528145], [73.66059812854475, 16.589007439544808], [73.66525217540278, 16.580843964133308], [73.6480680023885, 16.574966261837027], [73.64556197715724, 16.564190474293845], [73.64484596994832, 16.561578162162164], [73.62050172484474, 16.58215012019915], [73.59973751578582, 16.54427159428978], [73.59902150857688, 16.54361851625686], [73.57861530312242, 16.544598133306238], [73.54353094988491, 16.515209621824834], [73.51990271199027, 16.524352714285715], [73.51274263990098, 16.513576926742534], [73.49663247770009, 16.519781168055275], [73.46799218934294, 16.49398458575493], [73.46620217132062, 16.49463766378785], [73.417155677509, 16.514883082808375], [73.36882519090632, 16.51325038772607], [73.36452914765275, 16.51325038772607], [73.34627096382508, 16.529577338549075], [73.31834668267686, 16.593905524791708], [73.3197786970947, 16.607620163483034], [73.33946889534025, 16.60402823430197], [73.3519990214965, 16.615130560861616], [73.34949299626525, 16.623294036273116], [73.33016080162417, 16.620028646108516], [73.34161691696704, 16.63831483103028], [73.32335873313936, 16.63635559693152], [73.32156871511704, 16.6438659943101], [73.33302483045989, 16.6503967746393], [73.32944479441525, 16.68533644940053], [73.34125891336257, 16.680111825137168], [73.34483894940722, 16.69088761268035], [73.34125891336257, 16.69709185399309], [73.33016080162417, 16.68696914448283], [73.31834668267686, 16.69676531497663], [73.30545855291614, 16.73039883367202], [73.31834668267686, 16.805502807457835], [73.2957924555956, 16.816605134017475], [73.28827437990185, 16.857095972058524], [73.30044650245364, 16.860687901239586], [73.28612635827507, 16.88028024222719], [73.30331053128936, 16.89138256878683], [73.29436044117774, 16.898566427148953], [73.276818264559, 16.892035646819753], [73.28684236548399, 16.916526073054257], [73.28218831862596, 16.950486130766105], [73.29221241955096, 16.956037294045927], [73.2957924555956, 16.98411964946149], [73.27896628618578, 16.992936202905913], [73.27180621409649, 16.986405422576713], [73.26894218526078, 16.998487366185735], [73.28147231141703, 16.998160827169276], [73.28290432583489, 17.01318162192644], [73.25533804829114, 17.02689626061776], [73.25820207712685, 17.048121296687665], [73.276818264559, 17.035712814062183], [73.28755837269293, 17.05301938193457], [73.28934839071525, 17.11538833407844], [73.28469434385721, 17.101020617354198], [73.27789227537238, 17.11342909997968], [73.26751017084293, 17.112449482930298], [73.26393013479827, 17.154246477037187], [73.26607815642507, 17.15489955507011], [73.25211601585096, 17.190165768847795], [73.23135180679202, 17.1983292442593], [73.24388193294827, 17.200288478358058], [73.24495594376167, 17.222493131477343], [73.22383373109827, 17.24763663574477], [73.2234757274938, 17.265596281650073], [73.20664955808398, 17.281596693456613], [73.2045015364572, 17.26951474984759], [73.20414353285274, 17.289433629851658], [73.18982338867416, 17.298903261329], [73.19662545715899, 17.30674019772404], [73.22311772388935, 17.3021686514936], [73.22669775993398, 17.281596693456613], [73.2496099906197, 17.280943615423695], [73.23958588969471, 17.30282172952652], [73.24423993655275, 17.321760992481202], [73.21917968424023, 17.329271389859784], [73.2306357995831, 17.335475631172528], [73.21524164459113, 17.34592487969925], [73.22598175272506, 17.35376181609429], [73.20736556529292, 17.386089178723836], [73.18409533100274, 17.384783022658], [73.16798516880183, 17.404375363645602], [73.18731736344292, 17.414498073155862], [73.1883913742563, 17.43115156299533], [73.21166160854648, 17.43768234332453], [73.18695935983845, 17.44225388955497], [73.18409533100274, 17.455641989229832], [73.19447743553219, 17.464785081690714], [73.17908328054023, 17.506582075797603], [73.15509703904112, 17.529113267933347], [73.13755486242238, 17.556542545315992], [73.14364092369826, 17.570583723023777], [73.15617104985452, 17.566338715809795], [73.16798516880183, 17.577114503352977], [73.17013319042863, 17.569604105974395], [73.1772932625179, 17.5826656666328], [73.13755486242238, 17.610748022048366], [73.12681475428845, 17.637524221398092], [73.14471493451165, 17.63850383844747], [73.11464263173666, 17.68421930075188], [73.1171486569679, 17.697933939443203], [73.14006088765362, 17.702505485673644], [73.13504883719112, 17.71524050731559], [73.14471493451165, 17.72242436567771], [73.13433282998218, 17.717852819447266], [73.11249461010986, 17.789364864052022], [73.09566844070004, 17.811242978154848], [73.08922437581968, 17.808304127006707], [73.09387842267772, 17.841284567669174], [73.07168219920094, 17.893530810302785], [73.05270800816433, 17.904633136862426], [73.05557203700003, 17.932062414245074], [73.03838786398575, 17.934674726376755], [73.02872176666521, 17.950022060150378], [73.030869788292, 17.969287862121522], [73.04483192886612, 17.982349422779922], [73.0459059396795, 17.983329039829304], [73.08564433977504, 17.989859820158504], [73.11500063534112, 17.980063649664704], [73.12072869301255, 17.987574047043285], [73.17299721926433, 18.05908609164804], [73.17442923368219, 18.058759552631578], [73.19161340669649, 18.0577799355822], [73.2045015364572, 18.069208801158304], [73.22633975632952, 18.05647377951636], [73.28755837269293, 18.071494574273522], [73.2947184447822, 18.05810647459866], [73.28970639431971, 18.035901821479374], [73.30044650245364, 18.02414641688681], [73.32765477639293, 18.024799494919733], [73.33409884127329, 18.01108485622841], [73.34555495661614, 18.026105650985574], [73.35880108998133, 18.00586023196505], [73.35915909358579, 18.00520715393213], [73.34161691696704, 17.972226713269663], [73.37383724136882, 17.92553163391587], [73.37097321253312, 17.887979647022963], [73.40605756577061, 17.88373463980898], [73.42646377122509, 17.909204683092867], [73.43684587575454, 17.903653519813048], [73.44543796226169, 17.851407277179437], [73.46119012085812, 17.86708114996952], [73.4894724056108, 17.86708114996952], [73.50629857502062, 17.851080738162977], [73.53386485256438, 17.883408100792522], [73.55283904360098, 17.8664280719366], [73.55928310848134, 17.86936692308474], [73.57217123824206, 17.875244625381022]]]}}, {"type": "Feature", "properties": {"id": "amravati", "name": "Amravati", "st_nm": "Maharashtra"}, "geometry": {"type": "Polygon", "coordinates": [[[78.23767421162114, 21.33035395854501], [78.23266216115864, 21.32708856838041], [78.15676539701221, 21.331007036577933], [78.1478153069006, 21.342435902154037], [78.14495127806488, 21.343415519203415], [78.07800460403006, 21.3558240018289], [78.0754985787988, 21.35484438477952], [78.07907861484344, 21.330680497561474], [78.06583248147827, 21.301618525096526], [78.08086863286577, 21.282026184108922], [78.06117843462023, 21.27778117689494], [78.05294435171756, 21.254923445742737], [78.05831440578451, 21.239576111969114], [78.0715605391497, 21.236963799837433], [78.07084453194076, 21.22096338803089], [78.0966207914622, 21.199411812944525], [78.09232474820863, 21.178186776874618], [78.14423527085596, 21.13900209489941], [78.12812510865506, 21.114838207681366], [78.14530928166934, 21.102103186039425], [78.15103733934077, 21.075980064722618], [78.15032133213185, 21.04789770930705], [78.13600118795327, 21.037774999796788], [78.14530928166934, 21.02438690012193], [78.13456917353541, 21.004468020117862], [78.1478153069006, 20.98716145224548], [78.14316126004256, 20.95352793355009], [78.16857951595952, 20.94177252895753], [78.18182564932471, 20.90422054206462], [78.20545388721935, 20.89932245681772], [78.2129719629131, 20.908792088295062], [78.25736440986668, 20.886260896159317], [78.25736440986668, 20.885934357142858], [78.279202629739, 20.84283120697013], [78.29244876310419, 20.84054543385491], [78.29209075949971, 20.826830795163588], [78.3103489433274, 20.831402341394025], [78.31357097576758, 20.832055419426947], [78.31607700099883, 20.822585787949606], [78.31679300820775, 20.820300014834384], [78.31750901541669, 20.818014241719162], [78.299250831589, 20.81311615647226], [78.29638680275329, 20.811810000406425], [78.29280676670865, 20.7997280567974], [78.29280676670865, 20.774584552529973], [78.3064109036783, 20.764461843019713], [78.31213896134972, 20.737359104653528], [78.29817682077561, 20.701113273826458], [78.29746081356669, 20.69882750071124], [78.29674480635775, 20.69980711776062], [78.29280676670865, 20.70927674923796], [78.29101674868633, 20.70797059317212], [78.27705460811222, 20.6958886495631], [78.27598059729883, 20.6958886495631], [78.2741905792765, 20.693276337431417], [78.26130244951578, 20.69719480562894], [78.25557439184436, 20.683153627921154], [78.25485838463543, 20.683153627921154], [78.21870002058454, 20.6926232593985], [78.21726800616668, 20.690337486283276], [78.20545388721935, 20.674010535460273], [78.18218365292917, 20.677275925624876], [78.15676539701221, 20.65866320168665], [78.12812510865506, 20.66258166988417], [78.12919911946845, 20.646907797094087], [78.11058293203631, 20.639397399715506], [78.09339875902202, 20.641030094797806], [78.09912681669346, 20.665847060048772], [78.08946071937291, 20.671398223328595], [78.03683418951665, 20.665520521032313], [78.01857600568897, 20.640377016764887], [78.02036602371129, 20.626009300040643], [77.99530577139879, 20.624376604958343], [77.97310954792201, 20.587477696098354], [77.93265514061754, 20.57539575248933], [77.92513706492379, 20.55874226264987], [77.91260693876754, 20.566905738061372], [77.91761898923004, 20.60739657610242], [77.89470675854432, 20.62502968299126], [77.87859659634343, 20.60935581020118], [77.86606647018718, 20.61033542725056], [77.86714048100056, 20.595314632493398], [77.84637627194164, 20.587804235114817], [77.84029021066574, 20.56494650396261], [77.8105759114952, 20.584212305933754], [77.80556386103271, 20.56429342592969], [77.77871359069788, 20.540129538711646], [77.7515053167586, 20.544701084942087], [77.74148121583359, 20.56135457478155], [77.69708876888001, 20.57213036232473], [77.66594245529161, 20.579967298719772], [77.65090630390411, 20.56494650396261], [77.65019029669519, 20.56429342592969], [77.62763606961393, 20.56657919904491], [77.65663436157554, 20.639070860699047], [77.6480422750684, 20.648540492176387], [77.65412833634429, 20.66062243578541], [77.63515414530768, 20.65898974070311], [77.63372213088982, 20.71254213940256], [77.6108099002041, 20.71776676366592], [77.6108099002041, 20.719072919731765], [77.61975999031571, 20.779156098760417], [77.6108099002041, 20.778503020727495], [77.61009389299518, 20.7997280567974], [77.55281331628089, 20.823238865982525], [77.55102329825857, 20.854260072546232], [77.52882707478177, 20.84870890926641], [77.4754845377166, 20.860790852875432], [77.47906457376124, 20.879730115830117], [77.46510243318713, 20.880383193863036], [77.43503013041213, 20.84283120697013], [77.3369371427889, 20.84381082401951], [77.31509892291658, 20.857525462710832], [77.28610063095496, 20.84674967516765], [77.2216599821514, 20.858505079760214], [77.21091987401746, 20.84838237024995], [77.18048956763799, 20.84968852631579], [77.16044136578799, 20.869933945336314], [77.15292329009424, 20.858505079760214], [77.1292950521996, 20.863403165007114], [77.13502310987103, 20.920547492887625], [77.16044136578799, 20.971814118471855], [77.13466510626655, 20.974426430603536], [77.1332330918487, 20.98912068634424], [77.1672434342728, 20.98912068634424], [77.17225548473532, 21.013611112578744], [77.17297149194424, 21.023733822089007], [77.15005926125852, 21.03320345356635], [77.15005926125852, 21.069775823409877], [77.17619352438442, 21.07238813554156], [77.17225548473532, 21.11875667587889], [77.19659972983888, 21.121042448994107], [77.19659972983888, 21.13867555588295], [77.1633053946237, 21.13573670473481], [77.16008336218353, 21.145206336212155], [77.16688543066834, 21.18667679130258], [77.18478561089157, 21.199738351960985], [77.1744035063621, 21.22292262212965], [77.19051366856299, 21.235331104755133], [77.19051366856299, 21.237290338853892], [77.16974945950406, 21.242841502133714], [77.1672434342728, 21.242841502133714], [77.13108507022191, 21.22031030999797], [77.09385269535763, 21.22618801229425], [77.07989055478352, 21.21606530278399], [77.03406609341208, 21.246759970331233], [77.00614181226386, 21.228800324425933], [76.99862373657011, 21.195819883763463], [76.91664091114778, 21.200717969010366], [76.79062364237635, 21.18341140113798], [76.78847562074955, 21.186023713269662], [76.78238955947366, 21.193534110648244], [76.76771141169063, 21.191248337533022], [76.7609093432058, 21.219983770981507], [76.7458731918183, 21.22324916114611], [76.7408611413558, 21.241208807051414], [76.74873722065402, 21.250678438528755], [76.72403497194598, 21.289536581487503], [76.66245835197812, 21.280393489026622], [76.62128793746471, 21.332313192643774], [76.74014513414687, 21.411335634627108], [76.74408317379599, 21.439744529059134], [76.78561159191383, 21.465214572343022], [76.79563569283884, 21.489704998577526], [76.76305736483259, 21.520726205141234], [76.78954963156295, 21.536400077931315], [76.78131554866027, 21.564482433346882], [76.7959936964433, 21.59419748384475], [76.83286806770313, 21.58897285958139], [76.85434828397099, 21.613136746799434], [76.90196276336475, 21.59680979597643], [76.92881303369957, 21.624239073359075], [77.07344648990316, 21.719261927148956], [77.1292950521996, 21.722200778297093], [77.16509541264602, 21.710445373704534], [77.17583552077996, 21.725466168461697], [77.19158767937638, 21.720894622231256], [77.18800764333174, 21.70195535927657], [77.21020386680853, 21.68987341566755], [77.22738803982281, 21.69934304714489], [77.22667203261389, 21.716976154033734], [77.25996636782907, 21.714037302885593], [77.27142248317193, 21.728078480593375], [77.28717464176836, 21.722200778297093], [77.28037257328354, 21.758446609124164], [77.40388381682374, 21.752242367811423], [77.47906457376124, 21.769875474700264], [77.4794225773657, 21.754201601910182], [77.50269281165589, 21.74571158748222], [77.5256050423416, 21.724486551412316], [77.52596304594607, 21.711751529770375], [77.54386322616928, 21.70391459337533], [77.57572554696661, 21.620973683194475], [77.57679955777999, 21.55501280186954], [77.59541574521214, 21.559584348099982], [77.61152590741304, 21.538685851046537], [77.57536754336215, 21.526603907437515], [77.50305081526035, 21.5520739507214], [77.4543623250532, 21.5537066458037], [77.44970827819516, 21.541624702194678], [77.42536403309158, 21.538032773013615], [77.4221420006514, 21.51713427596017], [77.4432642133148, 21.487092686445845], [77.44147419529249, 21.471418813655763], [77.4733365160898, 21.45443878479984], [77.48765666026839, 21.374436725767122], [77.51414892699874, 21.375742881832963], [77.53204910722195, 21.41884603200569], [77.5617634063925, 21.395988300853485], [77.56355342441482, 21.36921210150376], [77.58753966591392, 21.36268132117456], [77.60758786776393, 21.36464055527332], [77.60543984613714, 21.390763676590126], [77.65377033273982, 21.391090215606585], [77.66988049494073, 21.3688855624873], [77.69207671841751, 21.397294456919326], [77.70961889503626, 21.3574566969112], [77.73718517258001, 21.3623547821581], [77.75007330234074, 21.382600201178622], [77.7966137709211, 21.388804442491363], [77.80090981417467, 21.40937640052835], [77.88360864680592, 21.384232896260926], [77.882892639597, 21.375742881832963], [77.94124722712468, 21.385539052326763], [77.94232123793807, 21.396641378886407], [78.03003212103184, 21.42145834413737], [78.17609759165327, 21.499174630054867], [78.18254165653363, 21.511256573663893], [78.17144354479524, 21.52497121235521], [78.18182564932471, 21.55664549695184], [78.22335406744257, 21.55240048973786], [78.27383257567205, 21.568727440560863], [78.2602284387024, 21.579176689087586], [78.26667250358275, 21.591585171713067], [78.30283086763365, 21.583748235318026], [78.3064109036783, 21.569380518593782], [78.34292727133365, 21.588646320564926], [78.36297547318365, 21.574931681873604], [78.3815916606158, 21.591585171713067], [78.37264157050419, 21.613136746799434], [78.42741612198724, 21.59909556909165], [78.41882403548009, 21.570686674659623], [78.43851423372563, 21.517787353993093], [78.43314417965867, 21.497215395956108], [78.43135416163634, 21.490031537593985], [78.43457619407653, 21.473051508738063], [78.43815623012117, 21.47076573562284], [78.44746432383724, 21.402845620199148], [78.42133006071134, 21.399580230034548], [78.40951594176401, 21.380967506096322], [78.36512349481045, 21.393702527738267], [78.36261746957919, 21.383253279211544], [78.34507529296044, 21.385539052326763], [78.30712691088722, 21.357130157894737], [78.28994273787293, 21.354517845763056], [78.249130326964, 21.331007036577933], [78.25056234138185, 21.33002741952855], [78.23767421162114, 21.33035395854501]]]}}, {"type": "Feature", "properties": {"id": "nagpur", "name": "Nagpur", "st_nm": "Maharashtra"}, "geometry": {"type": "Polygon", "coordinates": [[[79.5186111083945, 20.71417483448486], [79.51789510118557, 20.71417483448486], [79.50500697142485, 20.70209289087584], [79.48925481282842, 20.70927674923796], [79.46956461458288, 20.679888237756554], [79.4362702793677, 20.66094897480187], [79.39867990089894, 20.65898974070311], [79.37970570986234, 20.682827088904695], [79.3489173998784, 20.675969769559032], [79.35357144673644, 20.653112038406828], [79.34104132058019, 20.644295484962406], [79.34712738185608, 20.635152392501524], [79.32099311873019, 20.584865383966672], [79.29306883758197, 20.592702320361717], [79.22075210948017, 20.583232688884372], [79.21932009506232, 20.585191922983135], [79.20929599413732, 20.598253483641535], [79.20714797251054, 20.59988617872384], [79.18888978868286, 20.598906561674458], [79.18423574182482, 20.621111214793743], [79.16884158683285, 20.626988917090024], [79.16955759404178, 20.645601641028247], [79.147361370565, 20.653438577423287], [79.1423493201025, 20.678582081690713], [79.10440093802927, 20.687725174151595], [79.10296892361141, 20.715480990550702], [79.09043879745516, 20.71123598333672], [79.05034239375516, 20.737685643669987], [78.9966418530855, 20.744216423999188], [78.99628384948105, 20.756951445641132], [78.94186730160247, 20.767727233184313], [78.94544733764711, 20.793523815484658], [78.91286900964086, 20.80821807122536], [78.91286900964086, 20.83597388762447], [78.88315471047032, 20.84348428500305], [78.87742665279889, 20.829769646311725], [78.86776055547836, 20.83303503647633], [78.86704454826942, 20.836953504673847], [78.86095848699352, 20.84119851188783], [78.85165039327745, 20.881362810912417], [78.84377431397924, 20.88854666927454], [78.83482422386764, 20.89246513747206], [78.82766415177835, 20.89279167648852], [78.81692404364442, 20.880383193863036], [78.78541972645156, 20.88985282534038], [78.77288960029531, 20.903567464031703], [78.78255569761585, 20.910751322393825], [78.75284139844531, 20.922180187969925], [78.73959526508013, 20.93948675584231], [78.7478293479828, 20.94471138010567], [78.73315120019977, 20.946670614204432], [78.7238431064837, 20.969201806340177], [78.72599112811048, 21.004794559134325], [78.69090677487297, 21.018835736842107], [78.67622862708994, 21.03646884373095], [78.6515263783819, 21.03385653159927], [78.64257628827029, 21.058673496850233], [78.61393599991315, 21.064224660130055], [78.60999796026404, 21.088388547348103], [78.59746783410779, 21.08904162538102], [78.59925785213011, 21.108633966368625], [78.55486540517653, 21.116470902763666], [78.53087916367743, 21.13900209489941], [78.51978105193903, 21.1742683086771], [78.47753662661223, 21.22031030999797], [78.44567430581492, 21.236310721804514], [78.43028015082295, 21.22618801229425], [78.41202196699527, 21.23924957295265], [78.33075514878186, 21.250351899512296], [78.32466908750597, 21.27125039656574], [78.30390487844704, 21.27516886476326], [78.31249696495419, 21.294108127717944], [78.29531279193989, 21.292801971652104], [78.25056234138185, 21.33002741952855], [78.249130326964, 21.331007036577933], [78.28994273787293, 21.354517845763056], [78.30712691088722, 21.357130157894737], [78.34507529296044, 21.385539052326763], [78.36261746957919, 21.383253279211544], [78.36512349481045, 21.393702527738267], [78.40951594176401, 21.380967506096322], [78.42133006071134, 21.399580230034548], [78.44746432383724, 21.402845620199148], [78.43815623012117, 21.47076573562284], [78.43457619407653, 21.473051508738063], [78.43135416163634, 21.490031537593985], [78.43314417965867, 21.497215395956108], [78.47538860498545, 21.500807325137167], [78.51190497264082, 21.528236602519815], [78.5702595601685, 21.51419542481203], [78.585295711556, 21.486766147429385], [78.60856594584618, 21.488725381528145], [78.62861414769618, 21.47566382086974], [78.64329229547923, 21.485459991363545], [78.66692053337387, 21.477296515952045], [78.68804274603727, 21.481868062182485], [78.72813914973727, 21.46227572119488], [78.74568132635602, 21.470112657589922], [78.75069337681852, 21.492970388742126], [78.76680353901942, 21.488725381528145], [78.77611163273549, 21.46423495529364], [78.78040767598905, 21.478602672017885], [78.80045587783906, 21.49035807661045], [78.86776055547836, 21.493950005791508], [78.89103078976854, 21.485133452347085], [78.89926487267121, 21.500480786120708], [78.9364972475355, 21.485459991363545], [78.94437332683373, 21.51582811989433], [78.92718915381943, 21.522032361207074], [78.92969517905068, 21.540318546128837], [78.90678294836496, 21.553380106787237], [78.93184320067746, 21.56154358219874], [78.91394302045425, 21.570686674659623], [78.9164490456855, 21.59093209368015], [78.94329931602033, 21.591911710729526], [78.97516163681765, 21.617708293029875], [78.99843187110784, 21.619014449095715], [79.01203600807747, 21.599422108108108], [79.0761186532766, 21.60529981040439], [79.09366082989534, 21.597789413025808], [79.10690696326053, 21.60497327138793], [79.1001048947757, 21.617381754013415], [79.11227701732749, 21.623912534342615], [79.1512994102141, 21.64023948516562], [79.16848358322838, 21.636974095001015], [79.15380543544535, 21.6461171874619], [79.15487944625875, 21.660158365169682], [79.22397414192035, 21.64872949959358], [79.23077621040518, 21.670281074679945], [79.22075210948017, 21.69281226681569], [79.23757827889, 21.713057685836212], [79.23185022121856, 21.722200778297093], [79.26800858526947, 21.715343458951434], [79.29056281235071, 21.69281226681569], [79.35428745394537, 21.684648791404186], [79.35249743592306, 21.677791472058527], [79.39259383962306, 21.673873003861004], [79.4223081387936, 21.691832649766308], [79.49641488491771, 21.673546464844545], [79.51682109037218, 21.625218690408456], [79.50357495700699, 21.614769441881734], [79.51216704351414, 21.584074774334486], [79.54402936431147, 21.559584348099982], [79.5386593102445, 21.540971624161756], [79.5375852994311, 21.536726616947774], [79.513599057932, 21.534114304816097], [79.47529267225431, 21.491337693659826], [79.44880040552395, 21.435826060861615], [79.47636668306771, 21.427989124466574], [79.48460076597038, 21.39925369101809], [79.49999492096235, 21.397947534952245], [79.52577118048379, 21.350925916581996], [79.5547694724454, 21.32872126346271], [79.55405346523646, 21.303251220178826], [79.57553368150433, 21.2764750208291], [79.54939941837843, 21.206595671306644], [79.56157154093022, 21.190268720483644], [79.55083143279629, 21.17132945752896], [79.55727549767664, 21.155982123755336], [79.53221524536414, 21.158267896870555], [79.52720319490165, 21.17786023785816], [79.49784689933557, 21.18341140113798], [79.50894501107396, 21.161206748018696], [79.49390885968646, 21.138349016866492], [79.52720319490165, 21.119409753911807], [79.53221524536414, 21.096552022759603], [79.51789510118557, 21.09100085947978], [79.52899321292396, 21.077612759804918], [79.55011542558736, 21.08806200833164], [79.57231164906415, 21.066183894228818], [79.58842181126504, 21.07728622078846], [79.59772990498111, 21.072061596525096], [79.6550104816954, 20.964303721093273], [79.64462837716594, 20.925772117150988], [79.61061803474183, 20.903567464031703], [79.61061803474183, 20.866668555171714], [79.59629789056325, 20.866342016155254], [79.5787557139445, 20.84413736303597], [79.55512747604986, 20.85654584566145], [79.5375852994311, 20.85132122139809], [79.55727549767664, 20.807564993192443], [79.53006722373735, 20.775237630562895], [79.53221524536414, 20.74715527514733], [79.5186111083945, 20.71417483448486]]]}}, {"type": "Feature", "properties": {"id": "raigad", "name": "Raigad", "st_nm": "Maharashtra"}, "geometry": {"type": "Polygon", "coordinates": [[[73.52527276605723, 19.129154448587688], [73.52527276605723, 19.129154448587688], [73.5116686290876, 19.09486785185938], [73.51489066152777, 19.082785908250358], [73.52777879128848, 19.084418603332658], [73.52598877326616, 19.054377013818332], [73.51775469036349, 19.057642403982932], [73.51489066152777, 19.04621353840683], [73.51489066152777, 19.04621353840683], [73.54030891744473, 19.04784623348913], [73.53279084175098, 19.030539665616747], [73.53851889942241, 19.024335424304006], [73.54782699313849, 19.014212714793743], [73.55140702918312, 19.01029424659622], [73.5095206074608, 18.96588494035765], [73.4805223154992, 18.979926118065436], [73.47909030108134, 18.966538018390573], [73.46083211725366, 18.964905323308273], [73.4604741136492, 18.964905323308273], [73.4583260920224, 18.929639109530584], [73.44149992261258, 18.929312570514124], [73.43075981447865, 18.915597931822802], [73.4404259117992, 18.8992709809998], [73.44006790819472, 18.898291363950417], [73.43004380726973, 18.874127476732372], [73.40140351891257, 18.842779731152206], [73.38887339275632, 18.85290244066247], [73.3781332846224, 18.793145800650276], [73.3681091836974, 18.794778495732576], [73.34949299626525, 18.756573430806746], [73.35844308637685, 18.75559381375737], [73.35522105393667, 18.72130721702906], [73.33159281604203, 18.701388337024994], [73.34376493859382, 18.696163712761635], [73.35271502870543, 18.708898734403576], [73.36166511881704, 18.710531429485876], [73.36094911160811, 18.701061798008535], [73.37455324857775, 18.70922527342004], [73.38744137833847, 18.689306393415972], [73.38887339275632, 18.654693257671205], [73.36130711521257, 18.6367336117659], [73.3419749205715, 18.603753171103435], [73.33409884127329, 18.608651256350335], [73.3230007295349, 18.557711169782564], [73.33374083766883, 18.550200772403983], [73.35880108998133, 18.557711169782564], [73.34269092778042, 18.5312615094493], [73.35557905754115, 18.5328942045316], [73.38457734950275, 18.503179154033734], [73.39674947205454, 18.505138388132494], [73.37455324857775, 18.49305644452347], [73.37920729543579, 18.481627578947368], [73.36059110800365, 18.48423989107905], [73.36488715125722, 18.469545635338346], [73.37276323055544, 18.464321011074986], [73.38851538915186, 18.49175028845763], [73.4082055873974, 18.499913763869134], [73.40176152251705, 18.444402131070923], [73.3931694360099, 18.444402131070923], [73.39889749368133, 18.40064590286527], [73.42001970634472, 18.403584754013412], [73.4232417387849, 18.373216625482627], [73.44149992261258, 18.358195830725464], [73.42180972436705, 18.329786936293438], [73.42109371715812, 18.316398836618575], [73.4203777099492, 18.306276127108312], [73.4203777099492, 18.30366381497663], [73.42359974238937, 18.30366381497663], [73.43111781808312, 18.303010736943712], [73.44722798028401, 18.30203111989433], [73.47586826864115, 18.30007188579557], [73.47765828666348, 18.267417984149564], [73.50021251374473, 18.281785700873808], [73.51453265792331, 18.271989530380004], [73.50522456420723, 18.25598911857346], [73.53708688500456, 18.24325409693152], [73.52348274803491, 18.23215177037188], [73.53601287419116, 18.226927146108515], [73.52097672280367, 18.21092673430197], [73.53493886337777, 18.20472249298923], [73.52097672280367, 18.187089386100386], [73.52097672280367, 18.187089386100386], [73.53744488860902, 18.189375159215608], [73.54102492465367, 18.20766134413737], [73.5567770832501, 18.19623247856127], [73.55892510487688, 18.21386558545011], [73.56680118417509, 18.187742464133308], [73.5818373355626, 18.178599371672426], [73.59400945811439, 18.177619754623045], [73.59758949415902, 18.190028237248526], [73.65343805645546, 18.173048208392604], [73.66561017900725, 18.1599866477342], [73.66059812854475, 18.1518231723227], [73.64770999878404, 18.15900703068482], [73.64233994471707, 18.142353540845356], [73.63374785820993, 18.146272009042878], [73.61942771403135, 18.127332746088193], [73.62837780414296, 18.123414277890674], [73.60331755183046, 18.117863114610852], [73.60618158066617, 18.138108533631375], [73.60653958427064, 18.139741228713678], [73.59400945811439, 18.10872002214997], [73.60940361310635, 18.09761769559033], [73.60224354101706, 18.080964205750863], [73.62014372124028, 18.076392659520423], [73.61262564554653, 18.05908609164804], [73.61262564554653, 18.058759552631578], [73.65701809250011, 18.029697580166633], [73.64878400959742, 18.02284026082097], [73.65594408168671, 18.012391012294252], [73.62837780414296, 17.989533281142045], [73.63840190506797, 17.97157363523674], [73.59758949415902, 17.939246272607193], [73.57897330672688, 17.945777052936396], [73.56357915173491, 17.916715080471448], [73.53422285616884, 17.898102356533226], [73.56286314452599, 17.893857349319244], [73.57217123824206, 17.875244625381022], [73.55928310848134, 17.86936692308474], [73.55283904360098, 17.8664280719366], [73.53386485256438, 17.883408100792522], [73.50629857502062, 17.851080738162977], [73.4894724056108, 17.86708114996952], [73.46119012085812, 17.86708114996952], [73.44543796226169, 17.851407277179437], [73.43684587575454, 17.903653519813048], [73.42646377122509, 17.909204683092867], [73.40605756577061, 17.88373463980898], [73.37097321253312, 17.887979647022963], [73.37383724136882, 17.92553163391587], [73.34161691696704, 17.972226713269663], [73.35915909358579, 18.00520715393213], [73.35880108998133, 18.00586023196505], [73.34555495661614, 18.026105650985574], [73.33409884127329, 18.01108485622841], [73.32765477639293, 18.024799494919733], [73.30044650245364, 18.02414641688681], [73.28970639431971, 18.035901821479374], [73.2947184447822, 18.05810647459866], [73.28755837269293, 18.071494574273522], [73.22633975632952, 18.05647377951636], [73.2045015364572, 18.069208801158304], [73.19161340669649, 18.0577799355822], [73.17442923368219, 18.058759552631578], [73.17299721926433, 18.05908609164804], [73.12072869301255, 17.987574047043285], [73.11500063534112, 17.980063649664704], [73.08564433977504, 17.989859820158504], [73.0459059396795, 17.983329039829304], [73.04483192886612, 17.982349422779922], [73.03444982433665, 17.980390188681163], [73.00258750353932, 18.02088102672221], [73.01941367294914, 18.029697580166633], [73.00831556121075, 18.05026953820362], [72.99041538098753, 18.054188006401137], [72.99936547109914, 18.074759964438122], [72.97251520076432, 18.124393894940052], [72.9896993737786, 18.15704779658606], [72.98361331250271, 18.194599783478967], [72.95676304216789, 18.218437131680552], [72.93206079345985, 18.218437131680552], [72.94280090159378, 18.245539870046738], [72.9356408295045, 18.280806083824427], [72.96392311425717, 18.280479544807967], [72.97430521878664, 18.263172976935582], [72.96929316832414, 18.24325409693152], [73.01654964411343, 18.24456025299736], [73.06774415955182, 18.21255942938427], [73.05235000455986, 18.200804024791708], [73.050917990142, 18.182191300853486], [73.07168219920094, 18.1501904772404], [73.10533453802059, 18.140067767730137], [73.07741025687237, 18.188722081182686], [73.07741025687237, 18.20896750020321], [73.0920884046554, 18.218763670697015], [73.07991628210361, 18.222682138894534], [73.06165809827593, 18.25207065037594], [73.07239820640986, 18.26349951595204], [73.06774415955182, 18.279173388742127], [73.05163399735093, 18.28145916185735], [73.05020198293307, 18.29680649563097], [73.08242230733487, 18.29256148841699], [73.10282851278933, 18.265458750050804], [73.08278031093933, 18.311827290388134], [73.09137239744648, 18.326195007112375], [73.11285261371434, 18.32946039727698], [73.08779236140182, 18.33599117760618], [73.07132419559647, 18.30823536120707], [73.04483192886612, 18.312806907437512], [73.03695584956789, 18.29288802743345], [73.05306601176879, 18.270356835297704], [73.02872176666521, 18.264152593984964], [73.01547563330004, 18.285377630054867], [72.99793345668128, 18.285051091038408], [72.99292140621878, 18.273622225462304], [72.98182329448039, 18.299745346779112], [72.95533102775003, 18.315745758585653], [72.95318300612324, 18.335011560556797], [72.91416061323663, 18.3546039015444], [72.91201259160985, 18.368318540235727], [72.92633273578842, 18.373216625482627], [72.92597473218396, 18.38693126417395], [72.90628453393842, 18.403258214996953], [72.90628453393842, 18.43917750680756], [72.89482841859555, 18.463341394025605], [72.91129658440092, 18.507750700264175], [72.90592653033396, 18.540404601910183], [72.91380260963217, 18.53060843141638], [72.9334928078777, 18.540404601910183], [72.88373030685716, 18.637713228815283], [72.86547212302948, 18.651754406523064], [72.85580602570894, 18.699429102926235], [72.8683361518652, 18.799676580979476], [72.8321777878143, 18.858127064925828], [72.8361158274634, 18.86367822820565], [72.8622500905893, 18.9041690662467], [72.86583012663395, 18.9090671514936], [72.86690413744734, 18.91135292460882], [72.87406420953663, 18.91592447083926], [72.91201259160985, 18.947272216419428], [72.91308660242323, 18.95608876986385], [72.90986456998306, 18.969476869538713], [72.90521052312502, 18.975354571834995], [72.89411241138663, 18.981232274131276], [72.95640503856342, 18.987436515444017], [72.99900746749468, 18.987109976427558], [73.03480782794111, 19.00376346626702], [73.04375791805272, 19.018457722007724], [73.0480539613063, 19.09813324202398], [73.04841196491076, 19.09845978104044], [73.04841196491076, 19.09845978104044], [73.07776826047683, 19.113807114814062], [73.13039479033309, 19.108582490550702], [73.14364092369826, 19.125562519406625], [73.15294901741434, 19.113154036781143], [73.17586124810005, 19.10890902956716], [73.1855273454206, 19.117725583011584], [73.19519344274113, 19.126215597439547], [73.19519344274113, 19.126542136456006], [73.25104200503756, 19.06123433316399], [73.27932428979024, 19.086051298414958], [73.29794047722238, 19.082785908250358], [73.29722447001346, 19.072010120707173], [73.31906268988578, 19.079847057102217], [73.30724857093846, 19.10629671743548], [73.35414704312329, 19.13046060465353], [73.44472195505276, 19.129807526620606], [73.47622627224563, 19.129480987604147], [73.51703868315455, 19.129480987604147], [73.52491476245277, 19.129480987604147], [73.52527276605723, 19.129154448587688]]]}}]}